subject,year,local,number
대상분포(%),2013,평  균 (%),100
대상분포(%),2013,대도시 (%),42.5
대상분포(%),2013,서  울 (%),17.1
대상분포(%),2013,광역시 (%),25.4
대상분포(%),2013,대도시이외 (%),57.5
대상분포(%),2013,중소도시 (%),42.8
대상분포(%),2013,읍면지역 (%),14.7
대상분포(%),2014,평  균 (%),100
대상분포(%),2014,대도시 (%),42
대상분포(%),2014,서  울 (%),16.9
대상분포(%),2014,광역시 (%),25
대상분포(%),2014,대도시이외 (%),58
대상분포(%),2014,중소도시 (%),42.7
대상분포(%),2014,읍면지역 (%),15.3
대상분포(%),2015,평  균 (%),100
대상분포(%),2015,대도시 (%),41.7
대상분포(%),2015,서  울 (%),16.8
대상분포(%),2015,광역시 (%),24.9
대상분포(%),2015,대도시이외 (%),58.3
대상분포(%),2015,중소도시 (%),45
대상분포(%),2015,읍면지역 (%),13.3
대상분포(%),2016,평  균 (%),100
대상분포(%),2016,대도시 (%),41.2
대상분포(%),2016,서  울 (%),16.6
대상분포(%),2016,광역시 (%),24.6
대상분포(%),2016,대도시이외 (%),58.8
대상분포(%),2016,중소도시 (%),46
대상분포(%),2016,읍면지역 (%),12.8
대상분포(%),2017,평  균 (%),100
대상분포(%),2017,대도시 (%),40.7
대상분포(%),2017,서  울 (%),16.4
대상분포(%),2017,광역시 (%),24.3
대상분포(%),2017,대도시이외 (%),59.3
대상분포(%),2017,중소도시 (%),43.7
대상분포(%),2017,읍면지역 (%),15.6
대상분포(%),2018,평  균 (%),100
대상분포(%),2018,대도시 (%),40.1
대상분포(%),2018,서  울 (%),16.1
대상분포(%),2018,광역시 (%),23.9
대상분포(%),2018,대도시이외 (%),59.9
대상분포(%),2018,중소도시 (%),44.9
대상분포(%),2018,읍면지역 (%),15
대상분포(%),2019,평  균 (%),100
대상분포(%),2019,대도시 (%),39.6
대상분포(%),2019,서  울 (%),15.9
대상분포(%),2019,광역시 (%),23.7
대상분포(%),2019,대도시이외 (%),60.4
대상분포(%),2019,중소도시 (%),44.9
대상분포(%),2019,읍면지역 (%),15.5
대상분포(%),2020,평  균 (%),100
대상분포(%),2020,대도시 (%),39.4
대상분포(%),2020,서  울 (%),15.7
대상분포(%),2020,광역시 (%),23.6
대상분포(%),2020,대도시이외 (%),60.6
대상분포(%),2020,중소도시 (%),44.2
대상분포(%),2020,읍면지역 (%),16.4
대상분포(%),2021,평  균 (%),100
대상분포(%),2021,대도시 (%),39
대상분포(%),2021,서  울 (%),15.5
대상분포(%),2021,광역시 (%),23.5
대상분포(%),2021,대도시이외 (%),61
대상분포(%),2021,중소도시 (%),44.5
대상분포(%),2021,읍면지역 (%),16.5
대상분포(%),2022,평  균 (%),100
대상분포(%),2022,대도시 (%),38.7
대상분포(%),2022,서  울 (%),15.3
대상분포(%),2022,광역시 (%),23.4
대상분포(%),2022,대도시이외 (%),61.3
대상분포(%),2022,중소도시 (%),44.8
대상분포(%),2022,읍면지역 (%),16.5
사교육 참여,2013,평  균 (%),68.8
사교육 참여,2013,대도시 (%),71.4
사교육 참여,2013,서  울 (%),75
사교육 참여,2013,광역시 (%),68.9
사교육 참여,2013,대도시이외 (%),67
사교육 참여,2013,중소도시 (%),70.2
사교육 참여,2013,읍면지역 (%),57.5
사교육 참여,2014,평  균 (%),68.6
사교육 참여,2014,대도시 (%),70.5
사교육 참여,2014,서  울 (%),74.4
사교육 참여,2014,광역시 (%),67.8
사교육 참여,2014,대도시이외 (%),67.2
사교육 참여,2014,중소도시 (%),70.1
사교육 참여,2014,읍면지역 (%),59.2
사교육 참여,2015,평  균 (%),68.8
사교육 참여,2015,대도시 (%),71
사교육 참여,2015,서  울 (%),74.3
사교육 참여,2015,광역시 (%),68.8
사교육 참여,2015,대도시이외 (%),67.2
사교육 참여,2015,중소도시 (%),70
사교육 참여,2015,읍면지역 (%),57.7
사교육 참여,2016,평  균 (%),67.8
사교육 참여,2016,대도시 (%),69.9
사교육 참여,2016,서  울 (%),73.7
사교육 참여,2016,광역시 (%),67.4
사교육 참여,2016,대도시이외 (%),66.2
사교육 참여,2016,중소도시 (%),68.6
사교육 참여,2016,읍면지역 (%),57.9
사교육 참여,2017,평  균 (%),71.2
사교육 참여,2017,대도시 (%),73.9
사교육 참여,2017,서  울 (%),77.6
사교육 참여,2017,광역시 (%),71.4
사교육 참여,2017,대도시이외 (%),69.3
사교육 참여,2017,중소도시 (%),71.8
사교육 참여,2017,읍면지역 (%),62.2
사교육 참여,2018,평  균 (%),72.8
사교육 참여,2018,대도시 (%),75.3
사교육 참여,2018,서  울 (%),79.9
사교육 참여,2018,광역시 (%),72.3
사교육 참여,2018,대도시이외 (%),71.2
사교육 참여,2018,중소도시 (%),74.2
사교육 참여,2018,읍면지역 (%),62
사교육 참여,2019,평  균 (%),74.8
사교육 참여,2019,대도시 (%),77
사교육 참여,2019,서  울 (%),80
사교육 참여,2019,광역시 (%),75
사교육 참여,2019,대도시이외 (%),73.3
사교육 참여,2019,중소도시 (%),76.3
사교육 참여,2019,읍면지역 (%),64.5
사교육 참여,2020,평  균 (%),67.1
사교육 참여,2020,대도시 (%),70.1
사교육 참여,2020,서  울 (%),75
사교육 참여,2020,광역시 (%),66.8
사교육 참여,2020,대도시이외 (%),65.2
사교육 참여,2020,중소도시 (%),67.8
사교육 참여,2020,읍면지역 (%),57.9
사교육 참여,2021,평  균 (%),75.5
사교육 참여,2021,대도시 (%),78.2
사교육 참여,2021,서  울 (%),81.5
사교육 참여,2021,광역시 (%),76
사교육 참여,2021,대도시이외 (%),73.8
사교육 참여,2021,중소도시 (%),76.3
사교육 참여,2021,읍면지역 (%),67.2
사교육 참여,2022,평  균 (%),78.3
사교육 참여,2022,대도시 (%),80.6
사교육 참여,2022,서  울 (%),84.3
사교육 참여,2022,광역시 (%),78.2
사교육 참여,2022,대도시이외 (%),76.8
사교육 참여,2022,중소도시 (%),79.1
사교육 참여,2022,읍면지역 (%),70.6
과목: 일반교과 사교육,2013,평  균 (%),57.1
과목: 일반교과 사교육,2013,대도시 (%),60
과목: 일반교과 사교육,2013,서  울 (%),63.5
과목: 일반교과 사교육,2013,광역시 (%),57.6
과목: 일반교과 사교육,2013,대도시이외 (%),55
과목: 일반교과 사교육,2013,중소도시 (%),58.1
과목: 일반교과 사교육,2013,읍면지역 (%),46
과목: 일반교과 사교육,2014,평  균 (%),56.4
과목: 일반교과 사교육,2014,대도시 (%),58.7
과목: 일반교과 사교육,2014,서  울 (%),62.4
과목: 일반교과 사교육,2014,광역시 (%),56.2
과목: 일반교과 사교육,2014,대도시이외 (%),54.7
과목: 일반교과 사교육,2014,중소도시 (%),57.5
과목: 일반교과 사교육,2014,읍면지역 (%),47.2
과목: 일반교과 사교육,2015,평  균 (%),54.7
과목: 일반교과 사교육,2015,대도시 (%),57.1
과목: 일반교과 사교육,2015,서  울 (%),59.9
과목: 일반교과 사교육,2015,광역시 (%),55.3
과목: 일반교과 사교육,2015,대도시이외 (%),53
과목: 일반교과 사교육,2015,중소도시 (%),55.4
과목: 일반교과 사교육,2015,읍면지역 (%),44.8
과목: 일반교과 사교육,2016,평  균 (%),51
과목: 일반교과 사교육,2016,대도시 (%),53.1
과목: 일반교과 사교육,2016,서  울 (%),55.9
과목: 일반교과 사교육,2016,광역시 (%),51.2
과목: 일반교과 사교육,2016,대도시이외 (%),49.5
과목: 일반교과 사교육,2016,중소도시 (%),51.6
과목: 일반교과 사교육,2016,읍면지역 (%),42.1
과목: 일반교과 사교육,2017,평  균 (%),52.2
과목: 일반교과 사교육,2017,대도시 (%),54.9
과목: 일반교과 사교육,2017,서  울 (%),58.4
과목: 일반교과 사교육,2017,광역시 (%),52.6
과목: 일반교과 사교육,2017,대도시이외 (%),50.2
과목: 일반교과 사교육,2017,중소도시 (%),52.4
과목: 일반교과 사교육,2017,읍면지역 (%),44.3
과목: 일반교과 사교육,2018,평  균 (%),53.4
과목: 일반교과 사교육,2018,대도시 (%),56.4
과목: 일반교과 사교육,2018,서  울 (%),59.9
과목: 일반교과 사교육,2018,광역시 (%),54
과목: 일반교과 사교육,2018,대도시이외 (%),51.4
과목: 일반교과 사교육,2018,중소도시 (%),54.2
과목: 일반교과 사교육,2018,읍면지역 (%),43
과목: 일반교과 사교육,2019,평  균 (%),56.7
과목: 일반교과 사교육,2019,대도시 (%),59.3
과목: 일반교과 사교육,2019,서  울 (%),63
과목: 일반교과 사교육,2019,광역시 (%),56.9
과목: 일반교과 사교육,2019,대도시이외 (%),55
과목: 일반교과 사교육,2019,중소도시 (%),57.7
과목: 일반교과 사교육,2019,읍면지역 (%),47.5
과목: 일반교과 사교육,2020,평  균 (%),52.7
과목: 일반교과 사교육,2020,대도시 (%),56.2
과목: 일반교과 사교육,2020,서  울 (%),60.9
과목: 일반교과 사교육,2020,광역시 (%),53.1
과목: 일반교과 사교육,2020,대도시이외 (%),50.4
과목: 일반교과 사교육,2020,중소도시 (%),53.1
과목: 일반교과 사교육,2020,읍면지역 (%),43
과목: 일반교과 사교육,2021,평  균 (%),61.1
과목: 일반교과 사교육,2021,대도시 (%),64.4
과목: 일반교과 사교육,2021,서  울 (%),68.7
과목: 일반교과 사교육,2021,광역시 (%),61.6
과목: 일반교과 사교육,2021,대도시이외 (%),58.9
과목: 일반교과 사교육,2021,중소도시 (%),61.5
과목: 일반교과 사교육,2021,읍면지역 (%),52
과목: 일반교과 사교육,2022,평  균 (%),63.2
과목: 일반교과 사교육,2022,대도시 (%),66.1
과목: 일반교과 사교육,2022,서  울 (%),70.5
과목: 일반교과 사교육,2022,광역시 (%),63.3
과목: 일반교과 사교육,2022,대도시이외 (%),61.3
과목: 일반교과 사교육,2022,중소도시 (%),64.1
과목: 일반교과 사교육,2022,읍면지역 (%),54
국  어,2013,평  균 (%),19.8
국  어,2013,대도시 (%),19
국  어,2013,서  울 (%),19.6
국  어,2013,광역시 (%),18.6
국  어,2013,대도시이외 (%),20.4
국  어,2013,중소도시 (%),19.9
국  어,2013,읍면지역 (%),21.7
국  어,2014,평  균 (%),18.8
국  어,2014,대도시 (%),18.2
국  어,2014,서  울 (%),19.7
국  어,2014,광역시 (%),17.2
국  어,2014,대도시이외 (%),19.2
국  어,2014,중소도시 (%),18.6
국  어,2014,읍면지역 (%),20.7
국  어,2015,평  균 (%),17.3
국  어,2015,대도시 (%),17.4
국  어,2015,서  울 (%),19.9
국  어,2015,광역시 (%),15.8
국  어,2015,대도시이외 (%),17.2
국  어,2015,중소도시 (%),17.4
국  어,2015,읍면지역 (%),16.2
국  어,2016,평  균 (%),17.7
국  어,2016,대도시 (%),17.9
국  어,2016,서  울 (%),19.6
국  어,2016,광역시 (%),16.7
국  어,2016,대도시이외 (%),17.5
국  어,2016,중소도시 (%),17.8
국  어,2016,읍면지역 (%),16.7
국  어,2017,평  균 (%),18.9
국  어,2017,대도시 (%),19.6
국  어,2017,서  울 (%),21.5
국  어,2017,광역시 (%),18.3
국  어,2017,대도시이외 (%),18.5
국  어,2017,중소도시 (%),18.2
국  어,2017,읍면지역 (%),19.4
국  어,2018,평  균 (%),19.9
국  어,2018,대도시 (%),20.9
국  어,2018,서  울 (%),22.6
국  어,2018,광역시 (%),19.9
국  어,2018,대도시이외 (%),19.1
국  어,2018,중소도시 (%),19.6
국  어,2018,읍면지역 (%),17.7
국  어,2019,평  균 (%),21.3
국  어,2019,대도시 (%),22
국  어,2019,서  울 (%),23.6
국  어,2019,광역시 (%),20.9
국  어,2019,대도시이외 (%),20.9
국  어,2019,중소도시 (%),21.3
국  어,2019,읍면지역 (%),19.6
국  어,2020,평  균 (%),20
국  어,2020,대도시 (%),21.1
국  어,2020,서  울 (%),23.7
국  어,2020,광역시 (%),19.5
국  어,2020,대도시이외 (%),19.3
국  어,2020,중소도시 (%),19.7
국  어,2020,읍면지역 (%),18.3
국  어,2021,평  균 (%),24.6
국  어,2021,대도시 (%),25.5
국  어,2021,서  울 (%),27.9
국  어,2021,광역시 (%),23.9
국  어,2021,대도시이외 (%),24.1
국  어,2021,중소도시 (%),24.7
국  어,2021,읍면지역 (%),22.6
국  어,2022,평  균 (%),24.9
국  어,2022,대도시 (%),26.3
국  어,2022,서  울 (%),27.6
국  어,2022,광역시 (%),25.5
국  어,2022,대도시이외 (%),24.1
국  어,2022,중소도시 (%),24.8
국  어,2022,읍면지역 (%),22.1
영  어,2013,평  균 (%),44
영  어,2013,대도시 (%),47.2
영  어,2013,서  울 (%),50.2
영  어,2013,광역시 (%),45.2
영  어,2013,대도시이외 (%),41.6
영  어,2013,중소도시 (%),44.7
영  어,2013,읍면지역 (%),32.7
영  어,2014,평  균 (%),42.9
영  어,2014,대도시 (%),45.2
영  어,2014,서  울 (%),48.3
영  어,2014,광역시 (%),43
영  어,2014,대도시이외 (%),41.3
영  어,2014,중소도시 (%),43.9
영  어,2014,읍면지역 (%),33.8
영  어,2015,평  균 (%),40.8
영  어,2015,대도시 (%),43.4
영  어,2015,서  울 (%),47
영  어,2015,광역시 (%),40.9
영  어,2015,대도시이외 (%),38.9
영  어,2015,중소도시 (%),41.3
영  어,2015,읍면지역 (%),30.9
영  어,2016,평  균 (%),39.1
영  어,2016,대도시 (%),41.4
영  어,2016,서  울 (%),45
영  어,2016,광역시 (%),38.9
영  어,2016,대도시이외 (%),37.6
영  어,2016,중소도시 (%),39.5
영  어,2016,읍면지역 (%),30.8
영  어,2017,평  균 (%),39.8
영  어,2017,대도시 (%),42.7
영  어,2017,서  울 (%),46.3
영  어,2017,광역시 (%),40.2
영  어,2017,대도시이외 (%),37.8
영  어,2017,중소도시 (%),39.6
영  어,2017,읍면지역 (%),32.5
영  어,2018,평  균 (%),40.9
영  어,2018,대도시 (%),43.6
영  어,2018,서  울 (%),48.2
영  어,2018,광역시 (%),40.6
영  어,2018,대도시이외 (%),39.1
영  어,2018,중소도시 (%),41.5
영  어,2018,읍면지역 (%),32.1
영  어,2019,평  균 (%),44.1
영  어,2019,대도시 (%),46.9
영  어,2019,서  울 (%),51.6
영  어,2019,광역시 (%),43.7
영  어,2019,대도시이외 (%),42.3
영  어,2019,중소도시 (%),44.5
영  어,2019,읍면지역 (%),36.1
영  어,2020,평  균 (%),41.4
영  어,2020,대도시 (%),45
영  어,2020,서  울 (%),49.9
영  어,2020,광역시 (%),41.8
영  어,2020,대도시이외 (%),39
영  어,2020,중소도시 (%),41.4
영  어,2020,읍면지역 (%),32.6
영  어,2021,평  균 (%),49.6
영  어,2021,대도시 (%),53
영  어,2021,서  울 (%),57.6
영  어,2021,광역시 (%),50
영  어,2021,대도시이외 (%),47.5
영  어,2021,중소도시 (%),50.2
영  어,2021,읍면지역 (%),40.1
영  어,2022,평  균 (%),52.1
영  어,2022,대도시 (%),55.5
영  어,2022,서  울 (%),60.3
영  어,2022,광역시 (%),52.4
영  어,2022,대도시이외 (%),50
영  어,2022,중소도시 (%),52.5
영  어,2022,읍면지역 (%),43.3
수  학,2013,평  균 (%),45.8
수  학,2013,대도시 (%),47.8
수  학,2013,서  울 (%),49.1
수  학,2013,광역시 (%),46.9
수  학,2013,대도시이외 (%),44.3
수  학,2013,중소도시 (%),46.5
수  학,2013,읍면지역 (%),37.8
수  학,2014,평  균 (%),45.3
수  학,2014,대도시 (%),47
수  학,2014,서  울 (%),49.4
수  학,2014,광역시 (%),45.4
수  학,2014,대도시이외 (%),44.1
수  학,2014,중소도시 (%),46.1
수  학,2014,읍면지역 (%),38.4
수  학,2015,평  균 (%),42.5
수  학,2015,대도시 (%),44.5
수  학,2015,서  울 (%),46.9
수  학,2015,광역시 (%),42.9
수  학,2015,대도시이외 (%),41.1
수  학,2015,중소도시 (%),42.9
수  학,2015,읍면지역 (%),35
수  학,2016,평  균 (%),42.3
수  학,2016,대도시 (%),44
수  학,2016,서  울 (%),46
수  학,2016,광역시 (%),42.7
수  학,2016,대도시이외 (%),41
수  학,2016,중소도시 (%),42.7
수  학,2016,읍면지역 (%),35
수  학,2017,평  균 (%),43.3
수  학,2017,대도시 (%),45.7
수  학,2017,서  울 (%),48.5
수  학,2017,광역시 (%),43.8
수  학,2017,대도시이외 (%),41.6
수  학,2017,중소도시 (%),43.2
수  학,2017,읍면지역 (%),37.2
수  학,2018,평  균 (%),44.2
수  학,2018,대도시 (%),47
수  학,2018,서  울 (%),49.7
수  학,2018,광역시 (%),45.2
수  학,2018,대도시이외 (%),42.3
수  학,2018,중소도시 (%),44.5
수  학,2018,읍면지역 (%),35.9
수  학,2019,평  균 (%),47.2
수  학,2019,대도시 (%),49.4
수  학,2019,서  울 (%),51.6
수  학,2019,광역시 (%),47.9
수  학,2019,대도시이외 (%),45.8
수  학,2019,중소도시 (%),47.9
수  학,2019,읍면지역 (%),39.9
수  학,2020,평  균 (%),44.4
수  학,2020,대도시 (%),47.2
수  학,2020,서  울 (%),51.3
수  학,2020,광역시 (%),44.6
수  학,2020,대도시이외 (%),42.5
수  학,2020,중소도시 (%),44.7
수  학,2020,읍면지역 (%),36.5
수  학,2021,평  균 (%),50.9
수  학,2021,대도시 (%),53.9
수  학,2021,서  울 (%),57.1
수  학,2021,광역시 (%),51.8
수  학,2021,대도시이외 (%),49
수  학,2021,중소도시 (%),50.9
수  학,2021,읍면지역 (%),43.8
수  학,2022,평  균 (%),52.7
수  학,2022,대도시 (%),55.2
수  학,2022,서  울 (%),58.4
수  학,2022,광역시 (%),53.1
수  학,2022,대도시이외 (%),51.1
수  학,2022,중소도시 (%),53.3
수  학,2022,읍면지역 (%),45.2
"사회, 과학",2013,평  균 (%),11.5
"사회, 과학",2013,대도시 (%),11.2
"사회, 과학",2013,서  울 (%),10.4
"사회, 과학",2013,광역시 (%),11.7
"사회, 과학",2013,대도시이외 (%),11.8
"사회, 과학",2013,중소도시 (%),11.4
"사회, 과학",2013,읍면지역 (%),12.9
"사회, 과학",2014,평  균 (%),10.8
"사회, 과학",2014,대도시 (%),10.1
"사회, 과학",2014,서  울 (%),10.2
"사회, 과학",2014,광역시 (%),10.1
"사회, 과학",2014,대도시이외 (%),11.3
"사회, 과학",2014,중소도시 (%),11
"사회, 과학",2014,읍면지역 (%),12
"사회, 과학",2015,평  균 (%),9.7
"사회, 과학",2015,대도시 (%),10
"사회, 과학",2015,서  울 (%),10.7
"사회, 과학",2015,광역시 (%),9.6
"사회, 과학",2015,대도시이외 (%),9.5
"사회, 과학",2015,중소도시 (%),9.8
"사회, 과학",2015,읍면지역 (%),8.4
"사회, 과학",2016,평  균 (%),10.4
"사회, 과학",2016,대도시 (%),10.4
"사회, 과학",2016,서  울 (%),11.2
"사회, 과학",2016,광역시 (%),9.9
"사회, 과학",2016,대도시이외 (%),10.4
"사회, 과학",2016,중소도시 (%),10.5
"사회, 과학",2016,읍면지역 (%),10.2
"사회, 과학",2017,평  균 (%),11.2
"사회, 과학",2017,대도시 (%),12
"사회, 과학",2017,서  울 (%),12.6
"사회, 과학",2017,광역시 (%),11.7
"사회, 과학",2017,대도시이외 (%),10.7
"사회, 과학",2017,중소도시 (%),10.5
"사회, 과학",2017,읍면지역 (%),11.2
"사회, 과학",2018,평  균 (%),11.2
"사회, 과학",2018,대도시 (%),12.4
"사회, 과학",2018,서  울 (%),12.6
"사회, 과학",2018,광역시 (%),12.3
"사회, 과학",2018,대도시이외 (%),10.4
"사회, 과학",2018,중소도시 (%),10.7
"사회, 과학",2018,읍면지역 (%),9.8
"사회, 과학",2019,평  균 (%),12
"사회, 과학",2019,대도시 (%),12.6
"사회, 과학",2019,서  울 (%),13.8
"사회, 과학",2019,광역시 (%),11.9
"사회, 과학",2019,대도시이외 (%),11.6
"사회, 과학",2019,중소도시 (%),11.3
"사회, 과학",2019,읍면지역 (%),12.3
"사회, 과학",2020,평  균 (%),10.8
"사회, 과학",2020,대도시 (%),12
"사회, 과학",2020,서  울 (%),13.4
"사회, 과학",2020,광역시 (%),11.1
"사회, 과학",2020,대도시이외 (%),10
"사회, 과학",2020,중소도시 (%),10.1
"사회, 과학",2020,읍면지역 (%),9.9
"사회, 과학",2021,평  균 (%),14.1
"사회, 과학",2021,대도시 (%),15.1
"사회, 과학",2021,서  울 (%),16.2
"사회, 과학",2021,광역시 (%),14.4
"사회, 과학",2021,대도시이외 (%),13.4
"사회, 과학",2021,중소도시 (%),13.6
"사회, 과학",2021,읍면지역 (%),12.8
"사회, 과학",2022,평  균 (%),14
"사회, 과학",2022,대도시 (%),15.3
"사회, 과학",2022,서  울 (%),16.4
"사회, 과학",2022,광역시 (%),14.7
"사회, 과학",2022,대도시이외 (%),13.2
"사회, 과학",2022,중소도시 (%),13.5
"사회, 과학",2022,읍면지역 (%),12.4
논  술,2013,평  균 (%),7.3
논  술,2013,대도시 (%),8.2
논  술,2013,서  울 (%),10.5
논  술,2013,광역시 (%),6.6
논  술,2013,대도시이외 (%),6.6
논  술,2013,중소도시 (%),7.7
논  술,2013,읍면지역 (%),3.5
논  술,2014,평  균 (%),6.5
논  술,2014,대도시 (%),7.2
논  술,2014,서  울 (%),9.2
논  술,2014,광역시 (%),5.9
논  술,2014,대도시이외 (%),5.9
논  술,2014,중소도시 (%),6.6
논  술,2014,읍면지역 (%),3.9
논  술,2015,평  균 (%),6.7
논  술,2015,대도시 (%),7.4
논  술,2015,서  울 (%),9.1
논  술,2015,광역시 (%),6.3
논  술,2015,대도시이외 (%),6.3
논  술,2015,중소도시 (%),6.9
논  술,2015,읍면지역 (%),4.1
논  술,2016,평  균 (%),7.6
논  술,2016,대도시 (%),8
논  술,2016,서  울 (%),9.3
논  술,2016,광역시 (%),7.1
논  술,2016,대도시이외 (%),7.3
논  술,2016,중소도시 (%),8
논  술,2016,읍면지역 (%),4.9
논  술,2017,평  균 (%),7.6
논  술,2017,대도시 (%),8.8
논  술,2017,서  울 (%),10.1
논  술,2017,광역시 (%),7.9
논  술,2017,대도시이외 (%),6.7
논  술,2017,중소도시 (%),7.6
논  술,2017,읍면지역 (%),4.4
논  술,2018,평  균 (%),8.3
논  술,2018,대도시 (%),9
논  술,2018,서  울 (%),10.5
논  술,2018,광역시 (%),7.9
논  술,2018,대도시이외 (%),7.9
논  술,2018,중소도시 (%),8.8
논  술,2018,읍면지역 (%),5.3
논  술,2019,평  균 (%),9.2
논  술,2019,대도시 (%),9.8
논  술,2019,서  울 (%),11.6
논  술,2019,광역시 (%),8.6
논  술,2019,대도시이외 (%),8.8
논  술,2019,중소도시 (%),9.9
논  술,2019,읍면지역 (%),5.5
논  술,2020,평  균 (%),8
논  술,2020,대도시 (%),9.1
논  술,2020,서  울 (%),11.6
논  술,2020,광역시 (%),7.5
논  술,2020,대도시이외 (%),7.2
논  술,2020,중소도시 (%),8.2
논  술,2020,읍면지역 (%),4.6
논  술,2021,평  균 (%),10.1
논  술,2021,대도시 (%),11.7
논  술,2021,서  울 (%),14.2
논  술,2021,광역시 (%),10
논  술,2021,대도시이외 (%),9.2
논  술,2021,중소도시 (%),10.1
논  술,2021,읍면지역 (%),6.7
논  술,2022,평  균 (%),10.6
논  술,2022,대도시 (%),11.5
논  술,2022,서  울 (%),14.4
논  술,2022,광역시 (%),9.7
논  술,2022,대도시이외 (%),9.9
논  술,2022,중소도시 (%),10.9
논  술,2022,읍면지역 (%),7.3
"제2외국어, 한문, 컴퓨터 등",2013,평  균 (%),4.8
"제2외국어, 한문, 컴퓨터 등",2013,대도시 (%),4.8
"제2외국어, 한문, 컴퓨터 등",2013,서  울 (%),5.3
"제2외국어, 한문, 컴퓨터 등",2013,광역시 (%),4.5
"제2외국어, 한문, 컴퓨터 등",2013,대도시이외 (%),4.9
"제2외국어, 한문, 컴퓨터 등",2013,중소도시 (%),5
"제2외국어, 한문, 컴퓨터 등",2013,읍면지역 (%),4.3
"제2외국어, 한문, 컴퓨터 등",2014,평  균 (%),4.3
"제2외국어, 한문, 컴퓨터 등",2014,대도시 (%),4.1
"제2외국어, 한문, 컴퓨터 등",2014,서  울 (%),4.6
"제2외국어, 한문, 컴퓨터 등",2014,광역시 (%),3.8
"제2외국어, 한문, 컴퓨터 등",2014,대도시이외 (%),4.4
"제2외국어, 한문, 컴퓨터 등",2014,중소도시 (%),4.5
"제2외국어, 한문, 컴퓨터 등",2014,읍면지역 (%),4
"제2외국어, 한문, 컴퓨터 등",2015,평  균 (%),5
"제2외국어, 한문, 컴퓨터 등",2015,대도시 (%),5
"제2외국어, 한문, 컴퓨터 등",2015,서  울 (%),5.5
"제2외국어, 한문, 컴퓨터 등",2015,광역시 (%),4.6
"제2외국어, 한문, 컴퓨터 등",2015,대도시이외 (%),5.1
"제2외국어, 한문, 컴퓨터 등",2015,중소도시 (%),5.3
"제2외국어, 한문, 컴퓨터 등",2015,읍면지역 (%),4.3
"제2외국어, 한문, 컴퓨터 등",2016,평  균 (%),5.1
"제2외국어, 한문, 컴퓨터 등",2016,대도시 (%),5.1
"제2외국어, 한문, 컴퓨터 등",2016,서  울 (%),5.6
"제2외국어, 한문, 컴퓨터 등",2016,광역시 (%),4.7
"제2외국어, 한문, 컴퓨터 등",2016,대도시이외 (%),5.2
"제2외국어, 한문, 컴퓨터 등",2016,중소도시 (%),5.5
"제2외국어, 한문, 컴퓨터 등",2016,읍면지역 (%),4
"제2외국어, 한문, 컴퓨터 등",2017,평  균 (%),5.3
"제2외국어, 한문, 컴퓨터 등",2017,대도시 (%),6
"제2외국어, 한문, 컴퓨터 등",2017,서  울 (%),6.9
"제2외국어, 한문, 컴퓨터 등",2017,광역시 (%),5.3
"제2외국어, 한문, 컴퓨터 등",2017,대도시이외 (%),4.8
"제2외국어, 한문, 컴퓨터 등",2017,중소도시 (%),5
"제2외국어, 한문, 컴퓨터 등",2017,읍면지역 (%),4.1
"제2외국어, 한문, 컴퓨터 등",2018,평  균 (%),5.8
"제2외국어, 한문, 컴퓨터 등",2018,대도시 (%),6.1
"제2외국어, 한문, 컴퓨터 등",2018,서  울 (%),6.6
"제2외국어, 한문, 컴퓨터 등",2018,광역시 (%),5.8
"제2외국어, 한문, 컴퓨터 등",2018,대도시이외 (%),5.6
"제2외국어, 한문, 컴퓨터 등",2018,중소도시 (%),6.2
"제2외국어, 한문, 컴퓨터 등",2018,읍면지역 (%),3.9
"제2외국어, 한문, 컴퓨터 등",2019,평  균 (%),7.1
"제2외국어, 한문, 컴퓨터 등",2019,대도시 (%),7.5
"제2외국어, 한문, 컴퓨터 등",2019,서  울 (%),8.7
"제2외국어, 한문, 컴퓨터 등",2019,광역시 (%),6.7
"제2외국어, 한문, 컴퓨터 등",2019,대도시이외 (%),6.9
"제2외국어, 한문, 컴퓨터 등",2019,중소도시 (%),7.5
"제2외국어, 한문, 컴퓨터 등",2019,읍면지역 (%),5.2
"제2외국어, 한문, 컴퓨터 등",2020,평  균 (%),4.5
"제2외국어, 한문, 컴퓨터 등",2020,대도시 (%),4.7
"제2외국어, 한문, 컴퓨터 등",2020,서  울 (%),5.3
"제2외국어, 한문, 컴퓨터 등",2020,광역시 (%),4.3
"제2외국어, 한문, 컴퓨터 등",2020,대도시이외 (%),4.4
"제2외국어, 한문, 컴퓨터 등",2020,중소도시 (%),4.8
"제2외국어, 한문, 컴퓨터 등",2020,읍면지역 (%),3.5
"제2외국어, 한문, 컴퓨터 등",2021,평  균 (%),5.8
"제2외국어, 한문, 컴퓨터 등",2021,대도시 (%),6.4
"제2외국어, 한문, 컴퓨터 등",2021,서  울 (%),7.1
"제2외국어, 한문, 컴퓨터 등",2021,광역시 (%),5.9
"제2외국어, 한문, 컴퓨터 등",2021,대도시이외 (%),5.5
"제2외국어, 한문, 컴퓨터 등",2021,중소도시 (%),5.6
"제2외국어, 한문, 컴퓨터 등",2021,읍면지역 (%),5
"제2외국어, 한문, 컴퓨터 등",2022,평  균 (%),6.2
"제2외국어, 한문, 컴퓨터 등",2022,대도시 (%),6.7
"제2외국어, 한문, 컴퓨터 등",2022,서  울 (%),8.3
"제2외국어, 한문, 컴퓨터 등",2022,광역시 (%),5.7
"제2외국어, 한문, 컴퓨터 등",2022,대도시이외 (%),5.9
"제2외국어, 한문, 컴퓨터 등",2022,중소도시 (%),6.2
"제2외국어, 한문, 컴퓨터 등",2022,읍면지역 (%),5.1
컴퓨터,2019,평  균 (%),2.3
컴퓨터,2019,대도시 (%),2.6
컴퓨터,2019,서  울 (%),2.9
컴퓨터,2019,광역시 (%),2.5
컴퓨터,2019,대도시이외 (%),2
컴퓨터,2019,중소도시 (%),2.2
컴퓨터,2019,읍면지역 (%),1.5
컴퓨터,2020,평  균 (%),0.9
컴퓨터,2020,대도시 (%),0.9
컴퓨터,2020,서  울 (%),0.9
컴퓨터,2020,광역시 (%),0.8
컴퓨터,2020,대도시이외 (%),0.9
컴퓨터,2020,중소도시 (%),1
컴퓨터,2020,읍면지역 (%),0.6
컴퓨터,2021,평  균 (%),1.8
컴퓨터,2021,대도시 (%),2.1
컴퓨터,2021,서  울 (%),2.2
컴퓨터,2021,광역시 (%),2
컴퓨터,2021,대도시이외 (%),1.5
컴퓨터,2021,중소도시 (%),1.6
컴퓨터,2021,읍면지역 (%),1.3
컴퓨터,2022,평  균 (%),2.4
컴퓨터,2022,대도시 (%),2.7
컴퓨터,2022,서  울 (%),3.4
컴퓨터,2022,광역시 (%),2.3
컴퓨터,2022,대도시이외 (%),2.1
컴퓨터,2022,중소도시 (%),2.3
컴퓨터,2022,읍면지역 (%),1.6
"제2외국어, 한문 등",2019,평  균 (%),5.3
"제2외국어, 한문 등",2019,대도시 (%),5.4
"제2외국어, 한문 등",2019,서  울 (%),6.5
"제2외국어, 한문 등",2019,광역시 (%),4.7
"제2외국어, 한문 등",2019,대도시이외 (%),5.3
"제2외국어, 한문 등",2019,중소도시 (%),5.8
"제2외국어, 한문 등",2019,읍면지역 (%),3.9
"제2외국어, 한문 등",2020,평  균 (%),3.7
"제2외국어, 한문 등",2020,대도시 (%),3.9
"제2외국어, 한문 등",2020,서  울 (%),4.4
"제2외국어, 한문 등",2020,광역시 (%),3.6
"제2외국어, 한문 등",2020,대도시이외 (%),3.6
"제2외국어, 한문 등",2020,중소도시 (%),3.9
"제2외국어, 한문 등",2020,읍면지역 (%),2.9
"제2외국어, 한문 등",2021,평  균 (%),4.3
"제2외국어, 한문 등",2021,대도시 (%),4.6
"제2외국어, 한문 등",2021,서  울 (%),5.2
"제2외국어, 한문 등",2021,광역시 (%),4.2
"제2외국어, 한문 등",2021,대도시이외 (%),4.2
"제2외국어, 한문 등",2021,중소도시 (%),4.3
"제2외국어, 한문 등",2021,읍면지역 (%),3.9
"제2외국어, 한문 등",2022,평  균 (%),4.3
"제2외국어, 한문 등",2022,대도시 (%),4.5
"제2외국어, 한문 등",2022,서  울 (%),5.5
"제2외국어, 한문 등",2022,광역시 (%),3.8
"제2외국어, 한문 등",2022,대도시이외 (%),4.1
"제2외국어, 한문 등",2022,중소도시 (%),4.3
"제2외국어, 한문 등",2022,읍면지역 (%),3.6
"과목: 예체능,취미,교양 사교육",2013,평  균 (%),32.1
"과목: 예체능,취미,교양 사교육",2013,대도시 (%),32.7
"과목: 예체능,취미,교양 사교육",2013,서  울 (%),36.1
"과목: 예체능,취미,교양 사교육",2013,광역시 (%),30.4
"과목: 예체능,취미,교양 사교육",2013,대도시이외 (%),31.7
"과목: 예체능,취미,교양 사교육",2013,중소도시 (%),33.6
"과목: 예체능,취미,교양 사교육",2013,읍면지역 (%),26
"과목: 예체능,취미,교양 사교육",2014,평  균 (%),32.6
"과목: 예체능,취미,교양 사교육",2014,대도시 (%),33
"과목: 예체능,취미,교양 사교육",2014,서  울 (%),37
"과목: 예체능,취미,교양 사교육",2014,광역시 (%),30.3
"과목: 예체능,취미,교양 사교육",2014,대도시이외 (%),32.3
"과목: 예체능,취미,교양 사교육",2014,중소도시 (%),33.5
"과목: 예체능,취미,교양 사교육",2014,읍면지역 (%),28.8
"과목: 예체능,취미,교양 사교육",2015,평  균 (%),34.6
"과목: 예체능,취미,교양 사교육",2015,대도시 (%),35.7
"과목: 예체능,취미,교양 사교육",2015,서  울 (%),38.5
"과목: 예체능,취미,교양 사교육",2015,광역시 (%),33.9
"과목: 예체능,취미,교양 사교육",2015,대도시이외 (%),33.8
"과목: 예체능,취미,교양 사교육",2015,중소도시 (%),35.6
"과목: 예체능,취미,교양 사교육",2015,읍면지역 (%),27.9
"과목: 예체능,취미,교양 사교육",2016,평  균 (%),37.8
"과목: 예체능,취미,교양 사교육",2016,대도시 (%),38.8
"과목: 예체능,취미,교양 사교육",2016,서  울 (%),42.1
"과목: 예체능,취미,교양 사교육",2016,광역시 (%),36.6
"과목: 예체능,취미,교양 사교육",2016,대도시이외 (%),37.1
"과목: 예체능,취미,교양 사교육",2016,중소도시 (%),38.4
"과목: 예체능,취미,교양 사교육",2016,읍면지역 (%),32.3
"과목: 예체능,취미,교양 사교육",2017,평  균 (%),41.1
"과목: 예체능,취미,교양 사교육",2017,대도시 (%),42.7
"과목: 예체능,취미,교양 사교육",2017,서  울 (%),45.4
"과목: 예체능,취미,교양 사교육",2017,광역시 (%),40.9
"과목: 예체능,취미,교양 사교육",2017,대도시이외 (%),40
"과목: 예체능,취미,교양 사교육",2017,중소도시 (%),41.8
"과목: 예체능,취미,교양 사교육",2017,읍면지역 (%),35
"과목: 예체능,취미,교양 사교육",2018,평  균 (%),42.5
"과목: 예체능,취미,교양 사교육",2018,대도시 (%),44.1
"과목: 예체능,취미,교양 사교육",2018,서  울 (%),48.7
"과목: 예체능,취미,교양 사교육",2018,광역시 (%),41
"과목: 예체능,취미,교양 사교육",2018,대도시이외 (%),41.5
"과목: 예체능,취미,교양 사교육",2018,중소도시 (%),43.9
"과목: 예체능,취미,교양 사교육",2018,읍면지역 (%),34.3
"과목: 예체능,취미,교양 사교육",2019,평  균 (%),44
"과목: 예체능,취미,교양 사교육",2019,대도시 (%),45.6
"과목: 예체능,취미,교양 사교육",2019,서  울 (%),48.9
"과목: 예체능,취미,교양 사교육",2019,광역시 (%),43.4
"과목: 예체능,취미,교양 사교육",2019,대도시이외 (%),42.9
"과목: 예체능,취미,교양 사교육",2019,중소도시 (%),45.6
"과목: 예체능,취미,교양 사교육",2019,읍면지역 (%),35.2
"과목: 예체능,취미,교양 사교육",2020,평  균 (%),32
"과목: 예체능,취미,교양 사교육",2020,대도시 (%),33.3
"과목: 예체능,취미,교양 사교육",2020,서  울 (%),36.3
"과목: 예체능,취미,교양 사교육",2020,광역시 (%),31.3
"과목: 예체능,취미,교양 사교육",2020,대도시이외 (%),31.1
"과목: 예체능,취미,교양 사교육",2020,중소도시 (%),32.5
"과목: 예체능,취미,교양 사교육",2020,읍면지역 (%),27.3
"과목: 예체능,취미,교양 사교육",2021,평  균 (%),41
"과목: 예체능,취미,교양 사교육",2021,대도시 (%),42.6
"과목: 예체능,취미,교양 사교육",2021,서  울 (%),45.8
"과목: 예체능,취미,교양 사교육",2021,광역시 (%),40.5
"과목: 예체능,취미,교양 사교육",2021,대도시이외 (%),40
"과목: 예체능,취미,교양 사교육",2021,중소도시 (%),41.5
"과목: 예체능,취미,교양 사교육",2021,읍면지역 (%),36.1
"과목: 예체능,취미,교양 사교육",2022,평  균 (%),45.3
"과목: 예체능,취미,교양 사교육",2022,대도시 (%),46.7
"과목: 예체능,취미,교양 사교육",2022,서  울 (%),50.4
"과목: 예체능,취미,교양 사교육",2022,광역시 (%),44.2
"과목: 예체능,취미,교양 사교육",2022,대도시이외 (%),44.5
"과목: 예체능,취미,교양 사교육",2022,중소도시 (%),45.9
"과목: 예체능,취미,교양 사교육",2022,읍면지역 (%),40.6
음  악,2013,평  균 (%),15.3
음  악,2013,대도시 (%),15.7
음  악,2013,서  울 (%),17.3
음  악,2013,광역시 (%),14.6
음  악,2013,대도시이외 (%),15
음  악,2013,중소도시 (%),16.1
음  악,2013,읍면지역 (%),11.6
음  악,2014,평  균 (%),15.4
음  악,2014,대도시 (%),15.9
음  악,2014,서  울 (%),18.6
음  악,2014,광역시 (%),14
음  악,2014,대도시이외 (%),15.1
음  악,2014,중소도시 (%),15.7
음  악,2014,읍면지역 (%),13.5
음  악,2015,평  균 (%),15.5
음  악,2015,대도시 (%),15.9
음  악,2015,서  울 (%),17.8
음  악,2015,광역시 (%),14.7
음  악,2015,대도시이외 (%),15.1
음  악,2015,중소도시 (%),15.8
음  악,2015,읍면지역 (%),13
음  악,2016,평  균 (%),17.9
음  악,2016,대도시 (%),18.8
음  악,2016,서  울 (%),21
음  악,2016,광역시 (%),17.4
음  악,2016,대도시이외 (%),17.2
음  악,2016,중소도시 (%),17.8
음  악,2016,읍면지역 (%),15.4
음  악,2017,평  균 (%),18.3
음  악,2017,대도시 (%),19.5
음  악,2017,서  울 (%),21.9
음  악,2017,광역시 (%),17.9
음  악,2017,대도시이외 (%),17.5
음  악,2017,중소도시 (%),18.1
음  악,2017,읍면지역 (%),15.7
음  악,2018,평  균 (%),17.9
음  악,2018,대도시 (%),19.4
음  악,2018,서  울 (%),22.6
음  악,2018,광역시 (%),17.3
음  악,2018,대도시이외 (%),16.8
음  악,2018,중소도시 (%),17.9
음  악,2018,읍면지역 (%),13.7
음  악,2019,평  균 (%),19.1
음  악,2019,대도시 (%),20
음  악,2019,서  울 (%),23.5
음  악,2019,광역시 (%),17.7
음  악,2019,대도시이외 (%),18.5
음  악,2019,중소도시 (%),19.8
음  악,2019,읍면지역 (%),14.7
음  악,2020,평  균 (%),12.7
음  악,2020,대도시 (%),14
음  악,2020,서  울 (%),16.6
음  악,2020,광역시 (%),12.3
음  악,2020,대도시이외 (%),11.8
음  악,2020,중소도시 (%),12.5
음  악,2020,읍면지역 (%),9.9
음  악,2021,평  균 (%),17.3
음  악,2021,대도시 (%),18.6
음  악,2021,서  울 (%),20.8
음  악,2021,광역시 (%),17.1
음  악,2021,대도시이외 (%),16.5
음  악,2021,중소도시 (%),17.2
음  악,2021,읍면지역 (%),14.8
음  악,2022,평  균 (%),18.8
음  악,2022,대도시 (%),20
음  악,2022,서  울 (%),22.8
음  악,2022,광역시 (%),18.2
음  악,2022,대도시이외 (%),18
음  악,2022,중소도시 (%),18.6
음  악,2022,읍면지역 (%),16.2
미  술,2013,평  균 (%),6.6
미  술,2013,대도시 (%),7.3
미  술,2013,서  울 (%),9
미  술,2013,광역시 (%),6.2
미  술,2013,대도시이외 (%),6.1
미  술,2013,중소도시 (%),6.8
미  술,2013,읍면지역 (%),4
미  술,2014,평  균 (%),6.6
미  술,2014,대도시 (%),7.2
미  술,2014,서  울 (%),8.7
미  술,2014,광역시 (%),6.3
미  술,2014,대도시이외 (%),6.2
미  술,2014,중소도시 (%),6.8
미  술,2014,읍면지역 (%),4.4
미  술,2015,평  균 (%),6.5
미  술,2015,대도시 (%),7.4
미  술,2015,서  울 (%),8.4
미  술,2015,광역시 (%),6.8
미  술,2015,대도시이외 (%),5.7
미  술,2015,중소도시 (%),6.2
미  술,2015,읍면지역 (%),4.2
미  술,2016,평  균 (%),7.7
미  술,2016,대도시 (%),8.7
미  술,2016,서  울 (%),10.1
미  술,2016,광역시 (%),7.8
미  술,2016,대도시이외 (%),6.9
미  술,2016,중소도시 (%),7.7
미  술,2016,읍면지역 (%),4.3
미  술,2017,평  균 (%),8.3
미  술,2017,대도시 (%),9.6
미  술,2017,서  울 (%),11
미  술,2017,광역시 (%),8.6
미  술,2017,대도시이외 (%),7.5
미  술,2017,중소도시 (%),8.3
미  술,2017,읍면지역 (%),4.9
미  술,2018,평  균 (%),9
미  술,2018,대도시 (%),10.5
미  술,2018,서  울 (%),12.6
미  술,2018,광역시 (%),9
미  술,2018,대도시이외 (%),8.1
미  술,2018,중소도시 (%),9.1
미  술,2018,읍면지역 (%),5.1
미  술,2019,평  균 (%),9.9
미  술,2019,대도시 (%),10.8
미  술,2019,서  울 (%),12.5
미  술,2019,광역시 (%),9.7
미  술,2019,대도시이외 (%),9.2
미  술,2019,중소도시 (%),10.5
미  술,2019,읍면지역 (%),5.5
미  술,2020,평  균 (%),6.5
미  술,2020,대도시 (%),7.5
미  술,2020,서  울 (%),8.5
미  술,2020,광역시 (%),6.7
미  술,2020,대도시이외 (%),5.8
미  술,2020,중소도시 (%),6.4
미  술,2020,읍면지역 (%),4.2
미  술,2021,평  균 (%),9.8
미  술,2021,대도시 (%),11.5
미  술,2021,서  울 (%),14.1
미  술,2021,광역시 (%),9.7
미  술,2021,대도시이외 (%),8.8
미  술,2021,중소도시 (%),9.6
미  술,2021,읍면지역 (%),6.7
미  술,2022,평  균 (%),10.8
미  술,2022,대도시 (%),12.3
미  술,2022,서  울 (%),14.5
미  술,2022,광역시 (%),10.9
미  술,2022,대도시이외 (%),9.8
미  술,2022,중소도시 (%),10.5
미  술,2022,읍면지역 (%),8
체  육,2013,평  균 (%),16.3
체  육,2013,대도시 (%),16.7
체  육,2013,서  울 (%),19.4
체  육,2013,광역시 (%),15
체  육,2013,대도시이외 (%),15.9
체  육,2013,중소도시 (%),16.9
체  육,2013,읍면지역 (%),12.9
체  육,2014,평  균 (%),17.4
체  육,2014,대도시 (%),17.4
체  육,2014,서  울 (%),20.4
체  육,2014,광역시 (%),15.4
체  육,2014,대도시이외 (%),17.4
체  육,2014,중소도시 (%),18.1
체  육,2014,읍면지역 (%),15.4
체  육,2015,평  균 (%),19
체  육,2015,대도시 (%),20.2
체  육,2015,서  울 (%),22.9
체  육,2015,광역시 (%),18.4
체  육,2015,대도시이외 (%),18.2
체  육,2015,중소도시 (%),19.3
체  육,2015,읍면지역 (%),14.2
체  육,2016,평  균 (%),22.1
체  육,2016,대도시 (%),22.6
체  육,2016,서  울 (%),25.1
체  육,2016,광역시 (%),20.9
체  육,2016,대도시이외 (%),21.7
체  육,2016,중소도시 (%),22.9
체  육,2016,읍면지역 (%),17.5
체  육,2017,평  균 (%),24
체  육,2017,대도시 (%),25.7
체  육,2017,서  울 (%),27.6
체  육,2017,광역시 (%),24.5
체  육,2017,대도시이외 (%),22.8
체  육,2017,중소도시 (%),24.4
체  육,2017,읍면지역 (%),18.3
체  육,2018,평  균 (%),25.5
체  육,2018,대도시 (%),26.9
체  육,2018,서  울 (%),30.4
체  육,2018,광역시 (%),24.6
체  육,2018,대도시이외 (%),24.5
체  육,2018,중소도시 (%),26.4
체  육,2018,읍면지역 (%),18.9
체  육,2019,평  균 (%),26.7
체  육,2019,대도시 (%),28.2
체  육,2019,서  울 (%),30.8
체  육,2019,광역시 (%),26.5
체  육,2019,대도시이외 (%),25.7
체  육,2019,중소도시 (%),28
체  육,2019,읍면지역 (%),19.2
체  육,2020,평  균 (%),17.7
체  육,2020,대도시 (%),18.5
체  육,2020,서  울 (%),19.4
체  육,2020,광역시 (%),17.8
체  육,2020,대도시이외 (%),17.2
체  육,2020,중소도시 (%),17.9
체  육,2020,읍면지역 (%),15.3
체  육,2021,평  균 (%),24.3
체  육,2021,대도시 (%),25.3
체  육,2021,서  울 (%),27.3
체  육,2021,광역시 (%),24
체  육,2021,대도시이외 (%),23.7
체  육,2021,중소도시 (%),25
체  육,2021,읍면지역 (%),20.3
체  육,2022,평  균 (%),28.3
체  육,2022,대도시 (%),29.4
체  육,2022,서  울 (%),32.9
체  육,2022,광역시 (%),27.2
체  육,2022,대도시이외 (%),27.6
체  육,2022,중소도시 (%),28.9
체  육,2022,읍면지역 (%),24
취미·교양,2013,평  균 (%),3.4
취미·교양,2013,대도시 (%),3.6
취미·교양,2013,서  울 (%),3.8
취미·교양,2013,광역시 (%),3.4
취미·교양,2013,대도시이외 (%),3.3
취미·교양,2013,중소도시 (%),3.6
취미·교양,2013,읍면지역 (%),2.5
취미·교양,2014,평  균 (%),3.3
취미·교양,2014,대도시 (%),3.4
취미·교양,2014,서  울 (%),3.7
취미·교양,2014,광역시 (%),3.2
취미·교양,2014,대도시이외 (%),3.3
취미·교양,2014,중소도시 (%),3.6
취미·교양,2014,읍면지역 (%),2.5
취미·교양,2015,평  균 (%),3.5
취미·교양,2015,대도시 (%),3.5
취미·교양,2015,서  울 (%),3.9
취미·교양,2015,광역시 (%),3.3
취미·교양,2015,대도시이외 (%),3.5
취미·교양,2015,중소도시 (%),3.8
취미·교양,2015,읍면지역 (%),2.2
취미·교양,2016,평  균 (%),4.5
취미·교양,2016,대도시 (%),4.7
취미·교양,2016,서  울 (%),5.5
취미·교양,2016,광역시 (%),4.2
취미·교양,2016,대도시이외 (%),4.4
취미·교양,2016,중소도시 (%),4.7
취미·교양,2016,읍면지역 (%),3.2
취미·교양,2017,평  균 (%),5.3
취미·교양,2017,대도시 (%),5.5
취미·교양,2017,서  울 (%),6
취미·교양,2017,광역시 (%),5.2
취미·교양,2017,대도시이외 (%),5.2
취미·교양,2017,중소도시 (%),5.5
취미·교양,2017,읍면지역 (%),4.2
취미·교양,2018,평  균 (%),5.5
취미·교양,2018,대도시 (%),5.6
취미·교양,2018,서  울 (%),6.3
취미·교양,2018,광역시 (%),5.2
취미·교양,2018,대도시이외 (%),5.5
취미·교양,2018,중소도시 (%),6
취미·교양,2018,읍면지역 (%),3.9
취미·교양,2019,평  균 (%),5.4
취미·교양,2019,대도시 (%),5.7
취미·교양,2019,서  울 (%),6
취미·교양,2019,광역시 (%),5.4
취미·교양,2019,대도시이외 (%),5.3
취미·교양,2019,중소도시 (%),5.7
취미·교양,2019,읍면지역 (%),3.9
취미·교양,2020,평  균 (%),2.9
취미·교양,2020,대도시 (%),2.8
취미·교양,2020,서  울 (%),2.9
취미·교양,2020,광역시 (%),2.7
취미·교양,2020,대도시이외 (%),2.9
취미·교양,2020,중소도시 (%),3.1
취미·교양,2020,읍면지역 (%),2.5
취미·교양,2021,평  균 (%),3.9
취미·교양,2021,대도시 (%),4.1
취미·교양,2021,서  울 (%),4.4
취미·교양,2021,광역시 (%),3.8
취미·교양,2021,대도시이외 (%),3.8
취미·교양,2021,중소도시 (%),3.9
취미·교양,2021,읍면지역 (%),3.5
취미·교양,2022,평  균 (%),4.6
취미·교양,2022,대도시 (%),4.9
취미·교양,2022,서  울 (%),5.7
취미·교양,2022,광역시 (%),4.3
취미·교양,2022,대도시이외 (%),4.5
취미·교양,2022,중소도시 (%),4.6
취미·교양,2022,읍면지역 (%),4.1
과목: 취업관련 사교육,2013,평  균 (%),0.3
과목: 취업관련 사교육,2013,대도시 (%),0.3
과목: 취업관련 사교육,2013,서  울 (%),0.2
과목: 취업관련 사교육,2013,광역시 (%),0.4
과목: 취업관련 사교육,2013,대도시이외 (%),0.3
과목: 취업관련 사교육,2013,중소도시 (%),0.3
과목: 취업관련 사교육,2013,읍면지역 (%),0.2
과목: 취업관련 사교육,2014,평  균 (%),0.3
과목: 취업관련 사교육,2014,대도시 (%),0.4
과목: 취업관련 사교육,2014,서  울 (%),0.4
과목: 취업관련 사교육,2014,광역시 (%),0.4
과목: 취업관련 사교육,2014,대도시이외 (%),0.3
과목: 취업관련 사교육,2014,중소도시 (%),0.4
과목: 취업관련 사교육,2014,읍면지역 (%),0.2
과목: 취업관련 사교육,2015,평  균 (%),0.5
과목: 취업관련 사교육,2015,대도시 (%),0.4
과목: 취업관련 사교육,2015,서  울 (%),0.4
과목: 취업관련 사교육,2015,광역시 (%),0.5
과목: 취업관련 사교육,2015,대도시이외 (%),0.5
과목: 취업관련 사교육,2015,중소도시 (%),0.5
과목: 취업관련 사교육,2015,읍면지역 (%),0.4
과목: 취업관련 사교육,2016,평  균 (%),0.5
과목: 취업관련 사교육,2016,대도시 (%),0.5
과목: 취업관련 사교육,2016,서  울 (%),0.5
과목: 취업관련 사교육,2016,광역시 (%),0.6
과목: 취업관련 사교육,2016,대도시이외 (%),0.5
과목: 취업관련 사교육,2016,중소도시 (%),0.6
과목: 취업관련 사교육,2016,읍면지역 (%),0.4
과목: 취업관련 사교육,2017,평  균 (%),0.8
과목: 취업관련 사교육,2017,대도시 (%),0.8
과목: 취업관련 사교육,2017,서  울 (%),0.8
과목: 취업관련 사교육,2017,광역시 (%),0.8
과목: 취업관련 사교육,2017,대도시이외 (%),0.8
과목: 취업관련 사교육,2017,중소도시 (%),0.9
과목: 취업관련 사교육,2017,읍면지역 (%),0.7
과목: 취업관련 사교육,2018,평  균 (%),0.6
과목: 취업관련 사교육,2018,대도시 (%),0.6
과목: 취업관련 사교육,2018,서  울 (%),0.7
과목: 취업관련 사교육,2018,광역시 (%),0.5
과목: 취업관련 사교육,2018,대도시이외 (%),0.6
과목: 취업관련 사교육,2018,중소도시 (%),0.6
과목: 취업관련 사교육,2018,읍면지역 (%),0.6
과목: 취업관련 사교육,2019,평  균 (%),0.6
과목: 취업관련 사교육,2019,대도시 (%),0.6
과목: 취업관련 사교육,2019,서  울 (%),0.4
과목: 취업관련 사교육,2019,광역시 (%),0.7
과목: 취업관련 사교육,2019,대도시이외 (%),0.7
과목: 취업관련 사교육,2019,중소도시 (%),0.6
과목: 취업관련 사교육,2019,읍면지역 (%),0.8
과목: 취업관련 사교육,2020,평  균 (%),0.6
과목: 취업관련 사교육,2020,대도시 (%),0.6
과목: 취업관련 사교육,2020,서  울 (%),0.8
과목: 취업관련 사교육,2020,광역시 (%),0.5
과목: 취업관련 사교육,2020,대도시이외 (%),0.5
과목: 취업관련 사교육,2020,중소도시 (%),0.6
과목: 취업관련 사교육,2020,읍면지역 (%),0.5
과목: 취업관련 사교육,2021,평  균 (%),0.6
과목: 취업관련 사교육,2021,대도시 (%),0.7
과목: 취업관련 사교육,2021,서  울 (%),0.7
과목: 취업관련 사교육,2021,광역시 (%),0.7
과목: 취업관련 사교육,2021,대도시이외 (%),0.5
과목: 취업관련 사교육,2021,중소도시 (%),0.5
과목: 취업관련 사교육,2021,읍면지역 (%),0.5
과목: 취업관련 사교육,2022,평  균 (%),0.5
과목: 취업관련 사교육,2022,대도시 (%),0.5
과목: 취업관련 사교육,2022,서  울 (%),0.7
과목: 취업관련 사교육,2022,광역시 (%),0.4
과목: 취업관련 사교육,2022,대도시이외 (%),0.4
과목: 취업관련 사교육,2022,중소도시 (%),0.4
과목: 취업관련 사교육,2022,읍면지역 (%),0.4
과목: 진로·진학 학습상담,2017,평  균 (%),3
과목: 진로·진학 학습상담,2017,대도시 (%),3.4
과목: 진로·진학 학습상담,2017,서  울 (%),4.4
과목: 진로·진학 학습상담,2017,광역시 (%),2.7
과목: 진로·진학 학습상담,2017,대도시이외 (%),2.8
과목: 진로·진학 학습상담,2017,중소도시 (%),3
과목: 진로·진학 학습상담,2017,읍면지역 (%),2.1
과목: 진로·진학 학습상담,2018,평  균 (%),3.6
과목: 진로·진학 학습상담,2018,대도시 (%),4
과목: 진로·진학 학습상담,2018,서  울 (%),4.5
과목: 진로·진학 학습상담,2018,광역시 (%),3.6
과목: 진로·진학 학습상담,2018,대도시이외 (%),3.3
과목: 진로·진학 학습상담,2018,중소도시 (%),3.5
과목: 진로·진학 학습상담,2018,읍면지역 (%),3
과목: 진로·진학 학습상담,2019,평  균 (%),2.3
과목: 진로·진학 학습상담,2019,대도시 (%),2.4
과목: 진로·진학 학습상담,2019,서  울 (%),3
과목: 진로·진학 학습상담,2019,광역시 (%),2
과목: 진로·진학 학습상담,2019,대도시이외 (%),2.2
과목: 진로·진학 학습상담,2019,중소도시 (%),2.3
과목: 진로·진학 학습상담,2019,읍면지역 (%),2
과목: 진로·진학 학습상담,2020,평  균 (%),2.4
과목: 진로·진학 학습상담,2020,대도시 (%),2.5
과목: 진로·진학 학습상담,2020,서  울 (%),3.1
과목: 진로·진학 학습상담,2020,광역시 (%),2.1
과목: 진로·진학 학습상담,2020,대도시이외 (%),2.3
과목: 진로·진학 학습상담,2020,중소도시 (%),2.4
과목: 진로·진학 학습상담,2020,읍면지역 (%),2.2
과목: 진로·진학 학습상담,2021,평  균 (%),2.3
과목: 진로·진학 학습상담,2021,대도시 (%),2.5
과목: 진로·진학 학습상담,2021,서  울 (%),3.2
과목: 진로·진학 학습상담,2021,광역시 (%),2.1
과목: 진로·진학 학습상담,2021,대도시이외 (%),2.1
과목: 진로·진학 학습상담,2021,중소도시 (%),2.3
과목: 진로·진학 학습상담,2021,읍면지역 (%),1.7
과목: 진로·진학 학습상담,2022,평  균 (%),2.3
과목: 진로·진학 학습상담,2022,대도시 (%),2.4
과목: 진로·진학 학습상담,2022,서  울 (%),3.2
과목: 진로·진학 학습상담,2022,광역시 (%),1.9
과목: 진로·진학 학습상담,2022,대도시이외 (%),2.2
과목: 진로·진학 학습상담,2022,중소도시 (%),2.4
과목: 진로·진학 학습상담,2022,읍면지역 (%),1.5
유형: 일반교과 사교육,2013,평  균 (%),57.1
유형: 일반교과 사교육,2013,대도시 (%),60
유형: 일반교과 사교육,2013,서  울 (%),63.5
유형: 일반교과 사교육,2013,광역시 (%),57.6
유형: 일반교과 사교육,2013,대도시이외 (%),55
유형: 일반교과 사교육,2013,중소도시 (%),58.1
유형: 일반교과 사교육,2013,읍면지역 (%),46
유형: 일반교과 사교육,2014,평  균 (%),56.4
유형: 일반교과 사교육,2014,대도시 (%),58.7
유형: 일반교과 사교육,2014,서  울 (%),62.4
유형: 일반교과 사교육,2014,광역시 (%),56.2
유형: 일반교과 사교육,2014,대도시이외 (%),54.7
유형: 일반교과 사교육,2014,중소도시 (%),57.5
유형: 일반교과 사교육,2014,읍면지역 (%),47.2
유형: 일반교과 사교육,2015,평  균 (%),54.7
유형: 일반교과 사교육,2015,대도시 (%),57.1
유형: 일반교과 사교육,2015,서  울 (%),59.9
유형: 일반교과 사교육,2015,광역시 (%),55.3
유형: 일반교과 사교육,2015,대도시이외 (%),53
유형: 일반교과 사교육,2015,중소도시 (%),55.4
유형: 일반교과 사교육,2015,읍면지역 (%),44.8
유형: 일반교과 사교육,2016,평  균 (%),51
유형: 일반교과 사교육,2016,대도시 (%),53.1
유형: 일반교과 사교육,2016,서  울 (%),55.9
유형: 일반교과 사교육,2016,광역시 (%),51.2
유형: 일반교과 사교육,2016,대도시이외 (%),49.5
유형: 일반교과 사교육,2016,중소도시 (%),51.6
유형: 일반교과 사교육,2016,읍면지역 (%),42.1
유형: 일반교과 사교육,2017,평  균 (%),52.2
유형: 일반교과 사교육,2017,대도시 (%),54.9
유형: 일반교과 사교육,2017,서  울 (%),58.4
유형: 일반교과 사교육,2017,광역시 (%),52.6
유형: 일반교과 사교육,2017,대도시이외 (%),50.2
유형: 일반교과 사교육,2017,중소도시 (%),52.4
유형: 일반교과 사교육,2017,읍면지역 (%),44.3
유형: 일반교과 사교육,2018,평  균 (%),53.4
유형: 일반교과 사교육,2018,대도시 (%),56.4
유형: 일반교과 사교육,2018,서  울 (%),59.9
유형: 일반교과 사교육,2018,광역시 (%),54
유형: 일반교과 사교육,2018,대도시이외 (%),51.4
유형: 일반교과 사교육,2018,중소도시 (%),54.2
유형: 일반교과 사교육,2018,읍면지역 (%),43
유형: 일반교과 사교육,2019,평  균 (%),56.7
유형: 일반교과 사교육,2019,대도시 (%),59.3
유형: 일반교과 사교육,2019,서  울 (%),63
유형: 일반교과 사교육,2019,광역시 (%),56.9
유형: 일반교과 사교육,2019,대도시이외 (%),55
유형: 일반교과 사교육,2019,중소도시 (%),57.7
유형: 일반교과 사교육,2019,읍면지역 (%),47.5
유형: 일반교과 사교육,2020,평  균 (%),52.7
유형: 일반교과 사교육,2020,대도시 (%),56.2
유형: 일반교과 사교육,2020,서  울 (%),60.9
유형: 일반교과 사교육,2020,광역시 (%),53.1
유형: 일반교과 사교육,2020,대도시이외 (%),50.4
유형: 일반교과 사교육,2020,중소도시 (%),53.1
유형: 일반교과 사교육,2020,읍면지역 (%),43
유형: 일반교과 사교육,2021,평  균 (%),61.1
유형: 일반교과 사교육,2021,대도시 (%),64.4
유형: 일반교과 사교육,2021,서  울 (%),68.7
유형: 일반교과 사교육,2021,광역시 (%),61.6
유형: 일반교과 사교육,2021,대도시이외 (%),58.9
유형: 일반교과 사교육,2021,중소도시 (%),61.5
유형: 일반교과 사교육,2021,읍면지역 (%),52
유형: 일반교과 사교육,2022,평  균 (%),63.2
유형: 일반교과 사교육,2022,대도시 (%),66.1
유형: 일반교과 사교육,2022,서  울 (%),70.5
유형: 일반교과 사교육,2022,광역시 (%),63.3
유형: 일반교과 사교육,2022,대도시이외 (%),61.3
유형: 일반교과 사교육,2022,중소도시 (%),64.1
유형: 일반교과 사교육,2022,읍면지역 (%),54
개인과외,2013,평  균 (%),10.4
개인과외,2013,대도시 (%),11.4
개인과외,2013,서  울 (%),13.4
개인과외,2013,광역시 (%),10.1
개인과외,2013,대도시이외 (%),9.6
개인과외,2013,중소도시 (%),10.7
개인과외,2013,읍면지역 (%),6.3
개인과외,2014,평  균 (%),9.8
개인과외,2014,대도시 (%),11.7
개인과외,2014,서  울 (%),13.6
개인과외,2014,광역시 (%),10.4
개인과외,2014,대도시이외 (%),8.5
개인과외,2014,중소도시 (%),9.4
개인과외,2014,읍면지역 (%),5.8
개인과외,2015,평  균 (%),10.6
개인과외,2015,대도시 (%),11.8
개인과외,2015,서  울 (%),13.6
개인과외,2015,광역시 (%),10.6
개인과외,2015,대도시이외 (%),9.8
개인과외,2015,중소도시 (%),10.5
개인과외,2015,읍면지역 (%),7.4
개인과외,2016,평  균 (%),9.6
개인과외,2016,대도시 (%),10.5
개인과외,2016,서  울 (%),11.4
개인과외,2016,광역시 (%),10
개인과외,2016,대도시이외 (%),8.9
개인과외,2016,중소도시 (%),9.5
개인과외,2016,읍면지역 (%),6.9
개인과외,2017,평  균 (%),8.7
개인과외,2017,대도시 (%),10.1
개인과외,2017,서  울 (%),11.8
개인과외,2017,광역시 (%),9
개인과외,2017,대도시이외 (%),7.8
개인과외,2017,중소도시 (%),8.2
개인과외,2017,읍면지역 (%),6.5
개인과외,2018,평  균 (%),9.2
개인과외,2018,대도시 (%),9.9
개인과외,2018,서  울 (%),10.8
개인과외,2018,광역시 (%),9.4
개인과외,2018,대도시이외 (%),8.7
개인과외,2018,중소도시 (%),9.6
개인과외,2018,읍면지역 (%),6.1
개인과외,2019,평  균 (%),8.9
개인과외,2019,대도시 (%),9.9
개인과외,2019,서  울 (%),11.7
개인과외,2019,광역시 (%),8.7
개인과외,2019,대도시이외 (%),8.2
개인과외,2019,중소도시 (%),9
개인과외,2019,읍면지역 (%),6.1
개인과외,2020,평  균 (%),8.7
개인과외,2020,대도시 (%),10
개인과외,2020,서  울 (%),12.1
개인과외,2020,광역시 (%),8.5
개인과외,2020,대도시이외 (%),7.9
개인과외,2020,중소도시 (%),8.6
개인과외,2020,읍면지역 (%),6.1
개인과외,2021,평  균 (%),10.1
개인과외,2021,대도시 (%),11.4
개인과외,2021,서  울 (%),14.3
개인과외,2021,광역시 (%),9.5
개인과외,2021,대도시이외 (%),9.3
개인과외,2021,중소도시 (%),10
개인과외,2021,읍면지역 (%),7.5
개인과외,2022,평  균 (%),9.9
개인과외,2022,대도시 (%),10.9
개인과외,2022,서  울 (%),13.9
개인과외,2022,광역시 (%),9
개인과외,2022,대도시이외 (%),9.2
개인과외,2022,중소도시 (%),9.9
개인과외,2022,읍면지역 (%),7.3
그룹과외,2013,평  균 (%),10.7
그룹과외,2013,대도시 (%),10.7
그룹과외,2013,서  울 (%),10.6
그룹과외,2013,광역시 (%),10.8
그룹과외,2013,대도시이외 (%),10.7
그룹과외,2013,중소도시 (%),11.6
그룹과외,2013,읍면지역 (%),8
그룹과외,2014,평  균 (%),10.2
그룹과외,2014,대도시 (%),10.1
그룹과외,2014,서  울 (%),10.4
그룹과외,2014,광역시 (%),9.9
그룹과외,2014,대도시이외 (%),10.3
그룹과외,2014,중소도시 (%),11.2
그룹과외,2014,읍면지역 (%),7.9
그룹과외,2015,평  균 (%),10.2
그룹과외,2015,대도시 (%),10.3
그룹과외,2015,서  울 (%),10
그룹과외,2015,광역시 (%),10.5
그룹과외,2015,대도시이외 (%),10.1
그룹과외,2015,중소도시 (%),10.5
그룹과외,2015,읍면지역 (%),8.8
그룹과외,2016,평  균 (%),8.8
그룹과외,2016,대도시 (%),8.5
그룹과외,2016,서  울 (%),8.4
그룹과외,2016,광역시 (%),8.6
그룹과외,2016,대도시이외 (%),9.1
그룹과외,2016,중소도시 (%),9.5
그룹과외,2016,읍면지역 (%),7.5
그룹과외,2017,평  균 (%),9.3
그룹과외,2017,대도시 (%),9.1
그룹과외,2017,서  울 (%),8.4
그룹과외,2017,광역시 (%),9.6
그룹과외,2017,대도시이외 (%),9.5
그룹과외,2017,중소도시 (%),10.1
그룹과외,2017,읍면지역 (%),7.7
그룹과외,2018,평  균 (%),9.4
그룹과외,2018,대도시 (%),8.9
그룹과외,2018,서  울 (%),9.3
그룹과외,2018,광역시 (%),8.6
그룹과외,2018,대도시이외 (%),9.8
그룹과외,2018,중소도시 (%),10.2
그룹과외,2018,읍면지역 (%),8.7
그룹과외,2019,평  균 (%),9.3
그룹과외,2019,대도시 (%),9
그룹과외,2019,서  울 (%),9.3
그룹과외,2019,광역시 (%),8.9
그룹과외,2019,대도시이외 (%),9.5
그룹과외,2019,중소도시 (%),10.1
그룹과외,2019,읍면지역 (%),7.8
그룹과외,2020,평  균 (%),8.3
그룹과외,2020,대도시 (%),8
그룹과외,2020,서  울 (%),7.9
그룹과외,2020,광역시 (%),8.1
그룹과외,2020,대도시이외 (%),8.5
그룹과외,2020,중소도시 (%),9
그룹과외,2020,읍면지역 (%),6.9
그룹과외,2021,평  균 (%),9
그룹과외,2021,대도시 (%),8.8
그룹과외,2021,서  울 (%),8.6
그룹과외,2021,광역시 (%),9
그룹과외,2021,대도시이외 (%),9.1
그룹과외,2021,중소도시 (%),9.4
그룹과외,2021,읍면지역 (%),8.4
그룹과외,2022,평  균 (%),8.4
그룹과외,2022,대도시 (%),7.7
그룹과외,2022,서  울 (%),8.3
그룹과외,2022,광역시 (%),7.3
그룹과외,2022,대도시이외 (%),8.8
그룹과외,2022,중소도시 (%),9.2
그룹과외,2022,읍면지역 (%),7.7
학원수강,2013,평  균 (%),40.3
학원수강,2013,대도시 (%),44.1
학원수강,2013,서  울 (%),47.8
학원수강,2013,광역시 (%),41.6
학원수강,2013,대도시이외 (%),37.4
학원수강,2013,중소도시 (%),40
학원수강,2013,읍면지역 (%),29.9
학원수강,2014,평  균 (%),39.1
학원수강,2014,대도시 (%),42.6
학원수강,2014,서  울 (%),47
학원수강,2014,광역시 (%),39.5
학원수강,2014,대도시이외 (%),36.6
학원수강,2014,중소도시 (%),38.9
학원수강,2014,읍면지역 (%),30
학원수강,2015,평  균 (%),36.3
학원수강,2015,대도시 (%),39.9
학원수강,2015,서  울 (%),43.7
학원수강,2015,광역시 (%),37.4
학원수강,2015,대도시이외 (%),33.7
학원수강,2015,중소도시 (%),36.1
학원수강,2015,읍면지역 (%),25.5
학원수강,2016,평  균 (%),35.8
학원수강,2016,대도시 (%),38.7
학원수강,2016,서  울 (%),42.3
학원수강,2016,광역시 (%),36.4
학원수강,2016,대도시이외 (%),33.8
학원수강,2016,중소도시 (%),36
학원수강,2016,읍면지역 (%),25.7
학원수강,2017,평  균 (%),36.4
학원수강,2017,대도시 (%),40.4
학원수강,2017,서  울 (%),44.6
학원수강,2017,광역시 (%),37.6
학원수강,2017,대도시이외 (%),33.6
학원수강,2017,중소도시 (%),36
학원수강,2017,읍면지역 (%),27.1
학원수강,2018,평  균 (%),37.1
학원수강,2018,대도시 (%),41.6
학원수강,2018,서  울 (%),46.6
학원수강,2018,광역시 (%),38.2
학원수강,2018,대도시이외 (%),34.2
학원수강,2018,중소도시 (%),37.1
학원수강,2018,읍면지역 (%),25.3
학원수강,2019,평  균 (%),41.1
학원수강,2019,대도시 (%),44.9
학원수강,2019,서  울 (%),49.3
학원수강,2019,광역시 (%),41.9
학원수강,2019,대도시이외 (%),38.7
학원수강,2019,중소도시 (%),41.8
학원수강,2019,읍면지역 (%),29.7
학원수강,2020,평  균 (%),37.9
학원수강,2020,대도시 (%),42.9
학원수강,2020,서  울 (%),48.4
학원수강,2020,광역시 (%),39.3
학원수강,2020,대도시이외 (%),34.6
학원수강,2020,중소도시 (%),37.6
학원수강,2020,읍면지역 (%),26.4
학원수강,2021,평  균 (%),44.5
학원수강,2021,대도시 (%),49.3
학원수강,2021,서  울 (%),54.4
학원수강,2021,광역시 (%),46
학원수강,2021,대도시이외 (%),41.5
학원수강,2021,중소도시 (%),44.7
학원수강,2021,읍면지역 (%),32.7
학원수강,2022,평  균 (%),47.8
학원수강,2022,대도시 (%),52.3
학원수강,2022,서  울 (%),57.3
학원수강,2022,광역시 (%),49.1
학원수강,2022,대도시이외 (%),44.9
학원수강,2022,중소도시 (%),48.1
학원수강,2022,읍면지역 (%),36.2
방문학습지,2013,평  균 (%),12.5
방문학습지,2013,대도시 (%),12.4
방문학습지,2013,서  울 (%),13.1
방문학습지,2013,광역시 (%),11.9
방문학습지,2013,대도시이외 (%),12.6
방문학습지,2013,중소도시 (%),13.2
방문학습지,2013,읍면지역 (%),10.7
방문학습지,2014,평  균 (%),12.7
방문학습지,2014,대도시 (%),12.3
방문학습지,2014,서  울 (%),13.1
방문학습지,2014,광역시 (%),11.7
방문학습지,2014,대도시이외 (%),13.1
방문학습지,2014,중소도시 (%),13.5
방문학습지,2014,읍면지역 (%),12
방문학습지,2015,평  균 (%),11.6
방문학습지,2015,대도시 (%),11.4
방문학습지,2015,서  울 (%),12.6
방문학습지,2015,광역시 (%),10.6
방문학습지,2015,대도시이외 (%),11.7
방문학습지,2015,중소도시 (%),12
방문학습지,2015,읍면지역 (%),10.6
방문학습지,2016,평  균 (%),11.9
방문학습지,2016,대도시 (%),11.8
방문학습지,2016,서  울 (%),11.8
방문학습지,2016,광역시 (%),11.8
방문학습지,2016,대도시이외 (%),11.9
방문학습지,2016,중소도시 (%),12.3
방문학습지,2016,읍면지역 (%),10.4
방문학습지,2017,평  균 (%),12.3
방문학습지,2017,대도시 (%),12.2
방문학습지,2017,서  울 (%),13
방문학습지,2017,광역시 (%),11.6
방문학습지,2017,대도시이외 (%),12.4
방문학습지,2017,중소도시 (%),12.9
방문학습지,2017,읍면지역 (%),11
방문학습지,2018,평  균 (%),12.8
방문학습지,2018,대도시 (%),12.7
방문학습지,2018,서  울 (%),13.5
방문학습지,2018,광역시 (%),12.2
방문학습지,2018,대도시이외 (%),12.9
방문학습지,2018,중소도시 (%),13.8
방문학습지,2018,읍면지역 (%),10
방문학습지,2019,평  균 (%),12.9
방문학습지,2019,대도시 (%),13
방문학습지,2019,서  울 (%),14.6
방문학습지,2019,광역시 (%),11.9
방문학습지,2019,대도시이외 (%),12.9
방문학습지,2019,중소도시 (%),13.6
방문학습지,2019,읍면지역 (%),10.8
방문학습지,2020,평  균 (%),10.5
방문학습지,2020,대도시 (%),11
방문학습지,2020,서  울 (%),11.8
방문학습지,2020,광역시 (%),10.4
방문학습지,2020,대도시이외 (%),10.1
방문학습지,2020,중소도시 (%),10.5
방문학습지,2020,읍면지역 (%),9.2
방문학습지,2021,평  균 (%),11.7
방문학습지,2021,대도시 (%),12
방문학습지,2021,서  울 (%),13.1
방문학습지,2021,광역시 (%),11.2
방문학습지,2021,대도시이외 (%),11.5
방문학습지,2021,중소도시 (%),11.9
방문학습지,2021,읍면지역 (%),10.4
방문학습지,2022,평  균 (%),10.8
방문학습지,2022,대도시 (%),11.1
방문학습지,2022,서  울 (%),12.3
방문학습지,2022,광역시 (%),10.3
방문학습지,2022,대도시이외 (%),10.5
방문학습지,2022,중소도시 (%),11.1
방문학습지,2022,읍면지역 (%),9
유료인터넷 및 통신강좌 등,2013,평  균 (%),2.5
유료인터넷 및 통신강좌 등,2013,대도시 (%),2.7
유료인터넷 및 통신강좌 등,2013,서  울 (%),3
유료인터넷 및 통신강좌 등,2013,광역시 (%),2.6
유료인터넷 및 통신강좌 등,2013,대도시이외 (%),2.4
유료인터넷 및 통신강좌 등,2013,중소도시 (%),2.6
유료인터넷 및 통신강좌 등,2013,읍면지역 (%),1.9
유료인터넷 및 통신강좌 등,2014,평  균 (%),2.4
유료인터넷 및 통신강좌 등,2014,대도시 (%),2.4
유료인터넷 및 통신강좌 등,2014,서  울 (%),2.8
유료인터넷 및 통신강좌 등,2014,광역시 (%),2.2
유료인터넷 및 통신강좌 등,2014,대도시이외 (%),2.4
유료인터넷 및 통신강좌 등,2014,중소도시 (%),2.5
유료인터넷 및 통신강좌 등,2014,읍면지역 (%),2
유료인터넷 및 통신강좌 등,2015,평  균 (%),2.2
유료인터넷 및 통신강좌 등,2015,대도시 (%),2.3
유료인터넷 및 통신강좌 등,2015,서  울 (%),2.5
유료인터넷 및 통신강좌 등,2015,광역시 (%),2.1
유료인터넷 및 통신강좌 등,2015,대도시이외 (%),2.2
유료인터넷 및 통신강좌 등,2015,중소도시 (%),2.1
유료인터넷 및 통신강좌 등,2015,읍면지역 (%),2.2
유료인터넷 및 통신강좌 등,2016,평  균 (%),5.1
유료인터넷 및 통신강좌 등,2016,대도시 (%),5.5
유료인터넷 및 통신강좌 등,2016,서  울 (%),6.3
유료인터넷 및 통신강좌 등,2016,광역시 (%),5
유료인터넷 및 통신강좌 등,2016,대도시이외 (%),4.9
유료인터넷 및 통신강좌 등,2016,중소도시 (%),5.1
유료인터넷 및 통신강좌 등,2016,읍면지역 (%),4.1
유료인터넷 및 통신강좌 등,2017,평  균 (%),5.2
유료인터넷 및 통신강좌 등,2017,대도시 (%),5.7
유료인터넷 및 통신강좌 등,2017,서  울 (%),5.8
유료인터넷 및 통신강좌 등,2017,광역시 (%),5.6
유료인터넷 및 통신강좌 등,2017,대도시이외 (%),4.9
유료인터넷 및 통신강좌 등,2017,중소도시 (%),5
유료인터넷 및 통신강좌 등,2017,읍면지역 (%),4.4
유료인터넷 및 통신강좌 등,2018,평  균 (%),6
유료인터넷 및 통신강좌 등,2018,대도시 (%),6.3
유료인터넷 및 통신강좌 등,2018,서  울 (%),6.7
유료인터넷 및 통신강좌 등,2018,광역시 (%),6.1
유료인터넷 및 통신강좌 등,2018,대도시이외 (%),5.7
유료인터넷 및 통신강좌 등,2018,중소도시 (%),5.8
유료인터넷 및 통신강좌 등,2018,읍면지역 (%),5.4
유료인터넷 및 통신강좌 등,2019,평  균 (%),7.5
유료인터넷 및 통신강좌 등,2019,대도시 (%),7.6
유료인터넷 및 통신강좌 등,2019,서  울 (%),8.4
유료인터넷 및 통신강좌 등,2019,광역시 (%),7.1
유료인터넷 및 통신강좌 등,2019,대도시이외 (%),7.3
유료인터넷 및 통신강좌 등,2019,중소도시 (%),7.6
유료인터넷 및 통신강좌 등,2019,읍면지역 (%),6.5
유료인터넷 및 통신강좌 등,2020,평  균 (%),6.4
유료인터넷 및 통신강좌 등,2020,대도시 (%),6.6
유료인터넷 및 통신강좌 등,2020,서  울 (%),7.5
유료인터넷 및 통신강좌 등,2020,광역시 (%),6
유료인터넷 및 통신강좌 등,2020,대도시이외 (%),6.2
유료인터넷 및 통신강좌 등,2020,중소도시 (%),6.4
유료인터넷 및 통신강좌 등,2020,읍면지역 (%),5.7
유료인터넷 및 통신강좌 등,2021,평  균 (%),10.3
유료인터넷 및 통신강좌 등,2021,대도시 (%),10.8
유료인터넷 및 통신강좌 등,2021,서  울 (%),12.1
유료인터넷 및 통신강좌 등,2021,광역시 (%),10
유료인터넷 및 통신강좌 등,2021,대도시이외 (%),9.9
유료인터넷 및 통신강좌 등,2021,중소도시 (%),10.4
유료인터넷 및 통신강좌 등,2021,읍면지역 (%),8.8
유료인터넷 및 통신강좌 등,2022,평  균 (%),11.3
유료인터넷 및 통신강좌 등,2022,대도시 (%),11.7
유료인터넷 및 통신강좌 등,2022,서  울 (%),13
유료인터넷 및 통신강좌 등,2022,광역시 (%),10.8
유료인터넷 및 통신강좌 등,2022,대도시이외 (%),11
유료인터넷 및 통신강좌 등,2022,중소도시 (%),11.1
유료인터넷 및 통신강좌 등,2022,읍면지역 (%),10.6
"유형: 예체능,취미,교양 사교육",2013,평  균 (%),32.1
"유형: 예체능,취미,교양 사교육",2013,대도시 (%),32.7
"유형: 예체능,취미,교양 사교육",2013,서  울 (%),36.1
"유형: 예체능,취미,교양 사교육",2013,광역시 (%),30.4
"유형: 예체능,취미,교양 사교육",2013,대도시이외 (%),31.7
"유형: 예체능,취미,교양 사교육",2013,중소도시 (%),33.6
"유형: 예체능,취미,교양 사교육",2013,읍면지역 (%),26
"유형: 예체능,취미,교양 사교육",2014,평  균 (%),32.6
"유형: 예체능,취미,교양 사교육",2014,대도시 (%),33
"유형: 예체능,취미,교양 사교육",2014,서  울 (%),37
"유형: 예체능,취미,교양 사교육",2014,광역시 (%),30.3
"유형: 예체능,취미,교양 사교육",2014,대도시이외 (%),32.3
"유형: 예체능,취미,교양 사교육",2014,중소도시 (%),33.5
"유형: 예체능,취미,교양 사교육",2014,읍면지역 (%),28.8
"유형: 예체능,취미,교양 사교육",2015,평  균 (%),34.6
"유형: 예체능,취미,교양 사교육",2015,대도시 (%),35.7
"유형: 예체능,취미,교양 사교육",2015,서  울 (%),38.5
"유형: 예체능,취미,교양 사교육",2015,광역시 (%),33.9
"유형: 예체능,취미,교양 사교육",2015,대도시이외 (%),33.8
"유형: 예체능,취미,교양 사교육",2015,중소도시 (%),35.6
"유형: 예체능,취미,교양 사교육",2015,읍면지역 (%),27.9
"유형: 예체능,취미,교양 사교육",2016,평  균 (%),37.8
"유형: 예체능,취미,교양 사교육",2016,대도시 (%),38.8
"유형: 예체능,취미,교양 사교육",2016,서  울 (%),42.1
"유형: 예체능,취미,교양 사교육",2016,광역시 (%),36.6
"유형: 예체능,취미,교양 사교육",2016,대도시이외 (%),37.1
"유형: 예체능,취미,교양 사교육",2016,중소도시 (%),38.4
"유형: 예체능,취미,교양 사교육",2016,읍면지역 (%),32.3
"유형: 예체능,취미,교양 사교육",2017,평  균 (%),41.1
"유형: 예체능,취미,교양 사교육",2017,대도시 (%),42.7
"유형: 예체능,취미,교양 사교육",2017,서  울 (%),45.4
"유형: 예체능,취미,교양 사교육",2017,광역시 (%),40.9
"유형: 예체능,취미,교양 사교육",2017,대도시이외 (%),40
"유형: 예체능,취미,교양 사교육",2017,중소도시 (%),41.8
"유형: 예체능,취미,교양 사교육",2017,읍면지역 (%),35
"유형: 예체능,취미,교양 사교육",2018,평  균 (%),42.5
"유형: 예체능,취미,교양 사교육",2018,대도시 (%),44.1
"유형: 예체능,취미,교양 사교육",2018,서  울 (%),48.7
"유형: 예체능,취미,교양 사교육",2018,광역시 (%),41
"유형: 예체능,취미,교양 사교육",2018,대도시이외 (%),41.5
"유형: 예체능,취미,교양 사교육",2018,중소도시 (%),43.9
"유형: 예체능,취미,교양 사교육",2018,읍면지역 (%),34.3
"유형: 예체능,취미,교양 사교육",2019,평  균 (%),44
"유형: 예체능,취미,교양 사교육",2019,대도시 (%),45.6
"유형: 예체능,취미,교양 사교육",2019,서  울 (%),48.9
"유형: 예체능,취미,교양 사교육",2019,광역시 (%),43.4
"유형: 예체능,취미,교양 사교육",2019,대도시이외 (%),42.9
"유형: 예체능,취미,교양 사교육",2019,중소도시 (%),45.6
"유형: 예체능,취미,교양 사교육",2019,읍면지역 (%),35.2
"유형: 예체능,취미,교양 사교육",2020,평  균 (%),32
"유형: 예체능,취미,교양 사교육",2020,대도시 (%),33.3
"유형: 예체능,취미,교양 사교육",2020,서  울 (%),36.3
"유형: 예체능,취미,교양 사교육",2020,광역시 (%),31.3
"유형: 예체능,취미,교양 사교육",2020,대도시이외 (%),31.1
"유형: 예체능,취미,교양 사교육",2020,중소도시 (%),32.5
"유형: 예체능,취미,교양 사교육",2020,읍면지역 (%),27.3
"유형: 예체능,취미,교양 사교육",2021,평  균 (%),41
"유형: 예체능,취미,교양 사교육",2021,대도시 (%),42.6
"유형: 예체능,취미,교양 사교육",2021,서  울 (%),45.8
"유형: 예체능,취미,교양 사교육",2021,광역시 (%),40.5
"유형: 예체능,취미,교양 사교육",2021,대도시이외 (%),40
"유형: 예체능,취미,교양 사교육",2021,중소도시 (%),41.5
"유형: 예체능,취미,교양 사교육",2021,읍면지역 (%),36.1
"유형: 예체능,취미,교양 사교육",2022,평  균 (%),45.3
"유형: 예체능,취미,교양 사교육",2022,대도시 (%),46.7
"유형: 예체능,취미,교양 사교육",2022,서  울 (%),50.4
"유형: 예체능,취미,교양 사교육",2022,광역시 (%),44.2
"유형: 예체능,취미,교양 사교육",2022,대도시이외 (%),44.5
"유형: 예체능,취미,교양 사교육",2022,중소도시 (%),45.9
"유형: 예체능,취미,교양 사교육",2022,읍면지역 (%),40.6
그룹과외,2013,평  균 (%),4.1
그룹과외,2013,대도시 (%),4.6
그룹과외,2013,서  울 (%),7
그룹과외,2013,광역시 (%),3
그룹과외,2013,대도시이외 (%),3.7
그룹과외,2013,중소도시 (%),4.3
그룹과외,2013,읍면지역 (%),2.2
그룹과외,2014,평  균 (%),4.2
그룹과외,2014,대도시 (%),4.5
그룹과외,2014,서  울 (%),6.2
그룹과외,2014,광역시 (%),3.4
그룹과외,2014,대도시이외 (%),3.9
그룹과외,2014,중소도시 (%),4.4
그룹과외,2014,읍면지역 (%),2.5
그룹과외,2015,평  균 (%),4.6
그룹과외,2015,대도시 (%),5.1
그룹과외,2015,서  울 (%),7.1
그룹과외,2015,광역시 (%),3.7
그룹과외,2015,대도시이외 (%),4.2
그룹과외,2015,중소도시 (%),4.8
그룹과외,2015,읍면지역 (%),2.4
그룹과외,2016,평  균 (%),4.1
그룹과외,2016,대도시 (%),4.3
그룹과외,2016,서  울 (%),5.6
그룹과외,2016,광역시 (%),3.4
그룹과외,2016,대도시이외 (%),3.9
그룹과외,2016,중소도시 (%),4.2
그룹과외,2016,읍면지역 (%),2.7
그룹과외,2017,평  균 (%),4.9
그룹과외,2017,대도시 (%),5.7
그룹과외,2017,서  울 (%),7
그룹과외,2017,광역시 (%),4.8
그룹과외,2017,대도시이외 (%),4.3
그룹과외,2017,중소도시 (%),4.8
그룹과외,2017,읍면지역 (%),2.9
그룹과외,2018,평  균 (%),5.1
그룹과외,2018,대도시 (%),5.6
그룹과외,2018,서  울 (%),7.9
그룹과외,2018,광역시 (%),4
그룹과외,2018,대도시이외 (%),4.7
그룹과외,2018,중소도시 (%),5.2
그룹과외,2018,읍면지역 (%),3.2
그룹과외,2019,평  균 (%),5
그룹과외,2019,대도시 (%),5.5
그룹과외,2019,서  울 (%),7.4
그룹과외,2019,광역시 (%),4.1
그룹과외,2019,대도시이외 (%),4.6
그룹과외,2019,중소도시 (%),5.2
그룹과외,2019,읍면지역 (%),3.1
그룹과외,2020,평  균 (%),3
그룹과외,2020,대도시 (%),3.2
그룹과외,2020,서  울 (%),4
그룹과외,2020,광역시 (%),2.6
그룹과외,2020,대도시이외 (%),2.9
그룹과외,2020,중소도시 (%),3.1
그룹과외,2020,읍면지역 (%),2.3
그룹과외,2021,평  균 (%),3.4
그룹과외,2021,대도시 (%),3.7
그룹과외,2021,서  울 (%),4.9
그룹과외,2021,광역시 (%),2.9
그룹과외,2021,대도시이외 (%),3.1
그룹과외,2021,중소도시 (%),3.2
그룹과외,2021,읍면지역 (%),2.9
그룹과외,2022,평  균 (%),3.5
그룹과외,2022,대도시 (%),4
그룹과외,2022,서  울 (%),5.5
그룹과외,2022,광역시 (%),3.1
그룹과외,2022,대도시이외 (%),3.2
그룹과외,2022,중소도시 (%),3.3
그룹과외,2022,읍면지역 (%),2.8
학원수강,2013,평  균 (%),25.7
학원수강,2013,대도시 (%),25.2
학원수강,2013,서  울 (%),25.7
학원수강,2013,광역시 (%),24.8
학원수강,2013,대도시이외 (%),26.1
학원수강,2013,중소도시 (%),27.3
학원수강,2013,읍면지역 (%),22.4
학원수강,2014,평  균 (%),26.4
학원수강,2014,대도시 (%),25.8
학원수강,2014,서  울 (%),27.5
학원수강,2014,광역시 (%),24.6
학원수강,2014,대도시이외 (%),26.9
학원수강,2014,중소도시 (%),27.8
학원수강,2014,읍면지역 (%),24.6
학원수강,2015,평  균 (%),26.4
학원수강,2015,대도시 (%),26.9
학원수강,2015,서  울 (%),27.8
학원수강,2015,광역시 (%),26.2
학원수강,2015,대도시이외 (%),26
학원수강,2015,중소도시 (%),27.2
학원수강,2015,읍면지역 (%),22.1
학원수강,2016,평  균 (%),29.2
학원수강,2016,대도시 (%),29.2
학원수강,2016,서  울 (%),29.9
학원수강,2016,광역시 (%),28.7
학원수강,2016,대도시이외 (%),29.2
학원수강,2016,중소도시 (%),30.1
학원수강,2016,읍면지역 (%),26
학원수강,2017,평  균 (%),31.3
학원수강,2017,대도시 (%),31.9
학원수강,2017,서  울 (%),32.5
학원수강,2017,광역시 (%),31.5
학원수강,2017,대도시이외 (%),30.9
학원수강,2017,중소도시 (%),32.3
학원수강,2017,읍면지역 (%),27
학원수강,2018,평  균 (%),32.3
학원수강,2018,대도시 (%),33.3
학원수강,2018,서  울 (%),35.5
학원수강,2018,광역시 (%),31.9
학원수강,2018,대도시이외 (%),31.7
학원수강,2018,중소도시 (%),33.4
학원수강,2018,읍면지역 (%),26.4
학원수강,2019,평  균 (%),34.8
학원수강,2019,대도시 (%),35.5
학원수강,2019,서  울 (%),36.6
학원수강,2019,광역시 (%),34.8
학원수강,2019,대도시이외 (%),34.3
학원수강,2019,중소도시 (%),36.7
학원수강,2019,읍면지역 (%),27.3
학원수강,2020,평  균 (%),25
학원수강,2020,대도시 (%),25.8
학원수강,2020,서  울 (%),26.3
학원수강,2020,광역시 (%),25.5
학원수강,2020,대도시이외 (%),24.5
학원수강,2020,중소도시 (%),25.6
학원수강,2020,읍면지역 (%),21.6
학원수강,2021,평  균 (%),34
학원수강,2021,대도시 (%),35.1
학원수강,2021,서  울 (%),36.4
학원수강,2021,광역시 (%),34.3
학원수강,2021,대도시이외 (%),33.2
학원수강,2021,중소도시 (%),34.6
학원수강,2021,읍면지역 (%),29.4
학원수강,2022,평  균 (%),37.8
학원수강,2022,대도시 (%),38.3
학원수강,2022,서  울 (%),39.8
학원수강,2022,광역시 (%),37.4
학원수강,2022,대도시이외 (%),37.5
학원수강,2022,중소도시 (%),38.7
학원수강,2022,읍면지역 (%),34.2
방문수업 및 기타,2013,평  균 (%),0.8
방문수업 및 기타,2013,대도시 (%),0.9
방문수업 및 기타,2013,서  울 (%),0.9
방문수업 및 기타,2013,광역시 (%),0.8
방문수업 및 기타,2013,대도시이외 (%),0.7
방문수업 및 기타,2013,중소도시 (%),0.9
방문수업 및 기타,2013,읍면지역 (%),0.4
방문수업 및 기타,2014,평  균 (%),0.6
방문수업 및 기타,2014,대도시 (%),0.5
방문수업 및 기타,2014,서  울 (%),0.3
방문수업 및 기타,2014,광역시 (%),0.7
방문수업 및 기타,2014,대도시이외 (%),0.6
방문수업 및 기타,2014,중소도시 (%),0.6
방문수업 및 기타,2014,읍면지역 (%),0.6
방문수업 및 기타,2015,평  균 (%),0.9
방문수업 및 기타,2015,대도시 (%),0.9
방문수업 및 기타,2015,서  울 (%),1.1
방문수업 및 기타,2015,광역시 (%),0.7
방문수업 및 기타,2015,대도시이외 (%),1
방문수업 및 기타,2015,중소도시 (%),1
방문수업 및 기타,2015,읍면지역 (%),0.8
방문수업 및 기타,2016,평  균 (%),5.3
방문수업 및 기타,2016,대도시 (%),6.1
방문수업 및 기타,2016,서  울 (%),8
방문수업 및 기타,2016,광역시 (%),4.8
방문수업 및 기타,2016,대도시이외 (%),4.7
방문수업 및 기타,2016,중소도시 (%),5.1
방문수업 및 기타,2016,읍면지역 (%),3.3
방문수업 및 기타,2017,평  균 (%),6
방문수업 및 기타,2017,대도시 (%),6.8
방문수업 및 기타,2017,서  울 (%),7.8
방문수업 및 기타,2017,광역시 (%),6.2
방문수업 및 기타,2017,대도시이외 (%),5.4
방문수업 및 기타,2017,중소도시 (%),5.7
방문수업 및 기타,2017,읍면지역 (%),4.5
방문수업 및 기타,2018,평  균 (%),5.7
방문수업 및 기타,2018,대도시 (%),6.2
방문수업 및 기타,2018,서  울 (%),7.5
방문수업 및 기타,2018,광역시 (%),5.3
방문수업 및 기타,2018,대도시이외 (%),5.4
방문수업 및 기타,2018,중소도시 (%),6
방문수업 및 기타,2018,읍면지역 (%),3.6
방문수업 및 기타,2019,평  균 (%),5.8
방문수업 및 기타,2019,대도시 (%),6.3
방문수업 및 기타,2019,서  울 (%),7.2
방문수업 및 기타,2019,광역시 (%),5.7
방문수업 및 기타,2019,대도시이외 (%),5.4
방문수업 및 기타,2019,중소도시 (%),5.8
방문수업 및 기타,2019,읍면지역 (%),4.5
방문수업 및 기타,2020,평  균 (%),2.4
방문수업 및 기타,2020,대도시 (%),2.5
방문수업 및 기타,2020,서  울 (%),2.9
방문수업 및 기타,2020,광역시 (%),2.3
방문수업 및 기타,2020,대도시이외 (%),2.4
방문수업 및 기타,2020,중소도시 (%),2.3
방문수업 및 기타,2020,읍면지역 (%),2.5
방문수업 및 기타,2021,평  균 (%),3.2
방문수업 및 기타,2021,대도시 (%),3.4
방문수업 및 기타,2021,서  울 (%),3.4
방문수업 및 기타,2021,광역시 (%),3.4
방문수업 및 기타,2021,대도시이외 (%),3
방문수업 및 기타,2021,중소도시 (%),2.8
방문수업 및 기타,2021,읍면지역 (%),3.5
방문수업 및 기타,2022,평  균 (%),4.1
방문수업 및 기타,2022,대도시 (%),4.6
방문수업 및 기타,2022,서  울 (%),5.5
방문수업 및 기타,2022,광역시 (%),4.1
방문수업 및 기타,2022,대도시이외 (%),3.8
방문수업 및 기타,2022,중소도시 (%),3.7
방문수업 및 기타,2022,읍면지역 (%),4
