항목,시점,특성별,데이터
전체 (억원),2013,전체,185960
전체 (억원),2013,대도시,89716
전체 (억원),2013,서울,43629
전체 (억원),2013,광역시,46087
전체 (억원),2013,대도시 이외,96244
전체 (억원),2013,중소도시,79432
전체 (억원),2013,읍면지역,16812
전체 (억원),2013,과목: 일반교과 사교육,148802
전체 (억원),2013,국어,12638
전체 (억원),2013,영어,63318
전체 (억원),2013,수학,57762
전체 (억원),2013,"사회, 과학",7148
전체 (억원),2013,논술,5734
전체 (억원),2013,"제2외국어, 한문, 컴퓨터 등",2203
전체 (억원),2013,"과목: 예체능, 취미·교양 사교육",36741
전체 (억원),2013,음악,14568
전체 (억원),2013,미술,6850
전체 (억원),2013,체육,12089
전체 (억원),2013,취미·교양,3234
전체 (억원),2013,과목: 취업관련 사교육,418
전체 (억원),2013,유형: 일반교과 사교육,148802
전체 (억원),2013,개인과외,25574
전체 (억원),2013,그룹과외,16755
전체 (억원),2013,학원수강,96842
전체 (억원),2013,방문학습지,8008
전체 (억원),2013,유료인터넷 및 통신강좌 등,1623
전체 (억원),2013,"유형: 예체능, 취미·교양 사교육",36741
전체 (억원),2013,개인과외,6422
전체 (억원),2013,그룹과외,2551
전체 (억원),2013,학원수강,27316
전체 (억원),2013,방문수업 및 기타,451
전체 (억원),2014,전체,182297
전체 (억원),2014,대도시,86488
전체 (억원),2014,서울,42771
전체 (억원),2014,광역시,43717
전체 (억원),2014,대도시 이외,95809
전체 (억원),2014,중소도시,77823
전체 (억원),2014,읍면지역,17986
전체 (억원),2014,과목: 일반교과 사교육,143831
전체 (억원),2014,국어,11317
전체 (억원),2014,영어,61497
전체 (억원),2014,수학,57683
전체 (억원),2014,"사회, 과학",6799
전체 (억원),2014,논술,4785
전체 (억원),2014,"제2외국어, 한문, 컴퓨터 등",1750
전체 (억원),2014,"과목: 예체능, 취미·교양 사교육",37949
전체 (억원),2014,음악,14671
전체 (억원),2014,미술,6604
전체 (억원),2014,체육,13534
전체 (억원),2014,취미·교양,3141
전체 (억원),2014,과목: 취업관련 사교육,516
전체 (억원),2014,유형: 일반교과 사교육,143831
전체 (억원),2014,개인과외,24503
전체 (억원),2014,그룹과외,16330
전체 (억원),2014,학원수강,93520
전체 (억원),2014,방문학습지,7974
전체 (억원),2014,유료인터넷 및 통신강좌 등,1503
전체 (억원),2014,"유형: 예체능, 취미·교양 사교육",37949
전체 (억원),2014,개인과외,6981
전체 (억원),2014,그룹과외,2783
전체 (억원),2014,학원수강,27912
전체 (억원),2014,방문수업 및 기타,274
전체 (억원),2015,전체,178346
전체 (억원),2015,대도시,83883
전체 (억원),2015,서울,41424
전체 (억원),2015,광역시,42459
전체 (억원),2015,대도시 이외,94462
전체 (억원),2015,중소도시,78885
전체 (억원),2015,읍면지역,15577
전체 (억원),2015,과목: 일반교과 사교육,138947
전체 (억원),2015,국어,10848
전체 (억원),2015,영어,58348
전체 (억원),2015,수학,55932
전체 (억원),2015,"사회, 과학",6703
전체 (억원),2015,논술,4988
전체 (억원),2015,"제2외국어, 한문, 컴퓨터 등",2128
전체 (억원),2015,"과목: 예체능, 취미·교양 사교육",38730
전체 (억원),2015,음악,13923
전체 (억원),2015,미술,6586
전체 (억원),2015,체육,14886
전체 (억원),2015,취미·교양,3334
전체 (억원),2015,과목: 취업관련 사교육,669
전체 (억원),2015,유형: 일반교과 사교육,138947
전체 (억원),2015,개인과외,24825
전체 (억원),2015,그룹과외,15997
전체 (억원),2015,학원수강,89106
전체 (억원),2015,방문학습지,7485
전체 (억원),2015,유료인터넷 및 통신강좌 등,1534
전체 (억원),2015,"유형: 예체능, 취미·교양 사교육",38730
전체 (억원),2015,개인과외,7206
전체 (억원),2015,그룹과외,3159
전체 (억원),2015,학원수강,27734
전체 (억원),2015,방문수업 및 기타,631
전체 (억원),2016,전체,180606
전체 (억원),2016,대도시,84274
전체 (억원),2016,서울,41263
전체 (억원),2016,광역시,43011
전체 (억원),2016,대도시 이외,96331
전체 (억원),2016,중소도시,81301
전체 (억원),2016,읍면지역,15031
전체 (억원),2016,과목: 일반교과 사교육,135056
전체 (억원),2016,국어,11318
전체 (억원),2016,영어,55443
전체 (억원),2016,수학,53636
전체 (억원),2016,"사회, 과학",7025
전체 (억원),2016,논술,5390
전체 (억원),2016,"제2외국어, 한문, 컴퓨터 등",2244
전체 (억원),2016,"과목: 예체능, 취미·교양 사교육",44733
전체 (억원),2016,음악,16246
전체 (억원),2016,미술,7352
전체 (억원),2016,체육,17163
전체 (억원),2016,취미·교양,3972
전체 (억원),2016,과목: 취업관련 사교육,816
전체 (억원),2016,유형: 일반교과 사교육,135056
전체 (억원),2016,개인과외,21923
전체 (억원),2016,그룹과외,13536
전체 (억원),2016,학원수강,89075
전체 (억원),2016,방문학습지,7480
전체 (억원),2016,유료인터넷 및 통신강좌 등,3042
전체 (억원),2016,"유형: 예체능, 취미·교양 사교육",44733
전체 (억원),2016,개인과외,7282
전체 (억원),2016,그룹과외,2951
전체 (억원),2016,학원수강,32264
전체 (억원),2016,방문수업 및 기타,2236
전체 (억원),2017,전체,186703
전체 (억원),2017,대도시,88957
전체 (억원),2017,서울,44017
전체 (억원),2017,광역시,44940
전체 (억원),2017,대도시 이외,97745
전체 (억원),2017,중소도시,78752
전체 (억원),2017,읍면지역,18993
전체 (억원),2017,과목: 일반교과 사교육,135865
전체 (억원),2017,국어,12577
전체 (억원),2017,영어,54250
전체 (억원),2017,수학,53931
전체 (억원),2017,"사회, 과학",7420
전체 (억원),2017,논술,5274
전체 (억원),2017,"제2외국어, 한문, 컴퓨터 등",2414
전체 (억원),2017,"과목: 예체능, 취미·교양 사교육",49160
전체 (억원),2017,음악,16650
전체 (억원),2017,미술,7889
전체 (억원),2017,체육,19548
전체 (억원),2017,취미·교양,5072
전체 (억원),2017,과목: 취업관련 사교육,1197
전체 (억원),2017,과목: 진로·진학 학습상담,480
전체 (억원),2017,유형: 일반교과 사교육,135865
전체 (억원),2017,개인과외,19337
전체 (억원),2017,그룹과외,14644
전체 (억원),2017,학원수강,90923
전체 (억원),2017,방문학습지,7801
전체 (억원),2017,유료인터넷 및 통신강좌 등,3159
전체 (억원),2017,"유형: 예체능, 취미·교양 사교육",49160
전체 (억원),2017,개인과외,8050
전체 (억원),2017,그룹과외,3752
전체 (억원),2017,학원수강,34482
전체 (억원),2017,방문수업 및 기타,2876
전체 (억원),2018,전체,194852
전체 (억원),2018,대도시,89462
전체 (억원),2018,서울,44439
전체 (억원),2018,광역시,45022
전체 (억원),2018,대도시 이외,105390
전체 (억원),2018,중소도시,87116
전체 (억원),2018,읍면지역,18274
전체 (억원),2018,과목: 일반교과 사교육,142600
전체 (억원),2018,국어,13854
전체 (억원),2018,영어,56729
전체 (억원),2018,수학,55479
전체 (억원),2018,"사회, 과학",7744
전체 (억원),2018,논술,6030
전체 (억원),2018,"제2외국어, 한문, 컴퓨터 등",2764
전체 (억원),2018,"과목: 예체능, 취미·교양 사교육",50706
전체 (억원),2018,음악,16336
전체 (억원),2018,미술,8718
전체 (억원),2018,체육,20652
전체 (억원),2018,취미·교양,5001
전체 (억원),2018,과목: 취업관련 사교육,929
전체 (억원),2018,과목: 진로·진학 학습상담,616
전체 (억원),2018,유형: 일반교과 사교육,142600
전체 (억원),2018,개인과외,20234
전체 (억원),2018,그룹과외,14854
전체 (억원),2018,학원수강,95727
전체 (억원),2018,방문학습지,7920
전체 (억원),2018,유료인터넷 및 통신강좌 등,3865
전체 (억원),2018,"유형: 예체능, 취미·교양 사교육",50706
전체 (억원),2018,개인과외,8099
전체 (억원),2018,그룹과외,3996
전체 (억원),2018,학원수강,36192
전체 (억원),2018,방문수업 및 기타,2420
전체 (억원),2019,전체,209970
전체 (억원),2019,대도시,95063
전체 (억원),2019,서울,46853
전체 (억원),2019,광역시,48209
전체 (억원),2019,대도시 이외,114907
전체 (억원),2019,중소도시,94318
전체 (억원),2019,읍면지역,20588
전체 (억원),2019,과목: 일반교과 사교육,154052
전체 (억원),2019,국어,15013
전체 (억원),2019,영어,61381
전체 (억원),2019,수학,58915
전체 (억원),2019,"사회, 과학",8503
전체 (억원),2019,논술,6525
전체 (억원),2019,"제2외국어, 한문, 컴퓨터 등",3715
전체 (억원),2019,컴퓨터,1155
전체 (억원),2019,"제2외국어, 한문 등",2560
전체 (억원),2019,"과목: 예체능, 취미·교양 사교육",54274
전체 (억원),2019,음악,17706
전체 (억원),2019,미술,9119
전체 (억원),2019,체육,22524
전체 (억원),2019,취미·교양,4924
전체 (억원),2019,과목: 취업관련 사교육,910
전체 (억원),2019,과목: 진로·진학 학습상담,734
전체 (억원),2019,유형: 일반교과 사교육,154052
전체 (억원),2019,개인과외,19902
전체 (억원),2019,그룹과외,14377
전체 (억원),2019,학원수강,106974
전체 (억원),2019,방문학습지,7996
전체 (억원),2019,유료인터넷 및 통신강좌 등,4803
전체 (억원),2019,"유형: 예체능, 취미·교양 사교육",54274
전체 (억원),2019,개인과외,7884
전체 (억원),2019,그룹과외,4137
전체 (억원),2019,학원수강,39804
전체 (억원),2019,방문수업 및 기타,2449
전체 (억원),2020,전체,193532
전체 (억원),2020,대도시,90139
전체 (억원),2020,서울,45758
전체 (억원),2020,광역시,44381
전체 (억원),2020,대도시 이외,103393
전체 (억원),2020,중소도시,83143
전체 (억원),2020,읍면지역,20251
전체 (억원),2020,과목: 일반교과 사교육,153223
전체 (억원),2020,국어,16014
전체 (억원),2020,영어,59908
전체 (억원),2020,수학,59960
전체 (억원),2020,"사회, 과학",8786
전체 (억원),2020,논술,5994
전체 (억원),2020,"제2외국어, 한문, 컴퓨터 등",2561
전체 (억원),2020,컴퓨터,733
전체 (억원),2020,"제2외국어, 한문 등",1828
전체 (억원),2020,"과목: 예체능, 취미·교양 사교육",38641
전체 (억원),2020,음악,12432
전체 (억원),2020,미술,6960
전체 (억원),2020,체육,15861
전체 (억원),2020,취미·교양,3388
전체 (억원),2020,과목: 취업관련 사교육,895
전체 (억원),2020,과목: 진로·진학 학습상담,773
전체 (억원),2020,유형: 일반교과 사교육,153223
전체 (억원),2020,개인과외,21147
전체 (억원),2020,그룹과외,14410
전체 (억원),2020,학원수강,105446
전체 (억원),2020,방문학습지,7199
전체 (억원),2020,유료인터넷 및 통신강좌 등,5021
전체 (억원),2020,"유형: 예체능, 취미·교양 사교육",38641
전체 (억원),2020,개인과외,7049
전체 (억원),2020,그룹과외,3018
전체 (억원),2020,학원수강,27214
전체 (억원),2020,방문수업 및 기타,1359
전체 (억원),2021,전체,234158
전체 (억원),2021,대도시,106222
전체 (억원),2021,서울,52389
전체 (억원),2021,광역시,53833
전체 (억원),2021,대도시 이외,127937
전체 (억원),2021,중소도시,102006
전체 (억원),2021,읍면지역,25931
전체 (억원),2021,과목: 일반교과 사교육,179398
전체 (억원),2021,국어,19271
전체 (억원),2021,영어,71396
전체 (억원),2021,수학,67356
전체 (억원),2021,"사회, 과학",10466
전체 (억원),2021,논술,7518
전체 (억원),2021,"제2외국어, 한문, 컴퓨터 등",3390
전체 (억원),2021,컴퓨터,1261
전체 (억원),2021,"제2외국어, 한문 등",2129
전체 (억원),2021,"과목: 예체능, 취미·교양 사교육",53102
전체 (억원),2021,음악,16855
전체 (억원),2021,미술,9916
전체 (억원),2021,체육,22199
전체 (억원),2021,취미·교양,4132
전체 (억원),2021,과목: 취업관련 사교육,901
전체 (억원),2021,과목: 진로·진학 학습상담,758
전체 (억원),2021,유형: 일반교과 사교육,179398
전체 (억원),2021,개인과외,24214
전체 (억원),2021,그룹과외,15095
전체 (억원),2021,학원수강,124475
전체 (억원),2021,방문학습지,7357
전체 (억원),2021,유료인터넷 및 통신강좌 등,8257
전체 (억원),2021,"유형: 예체능, 취미·교양 사교육",53102
전체 (억원),2021,개인과외,7409
전체 (억원),2021,그룹과외,3081
전체 (억원),2021,학원수강,41019
전체 (억원),2021,방문수업 및 기타,1593
전체 (억원),2022,전체,259538
전체 (억원),2022,대도시,116380
전체 (억원),2022,서울,57709
전체 (억원),2022,광역시,58671
전체 (억원),2022,대도시 이외,143158
전체 (억원),2022,중소도시,113730
전체 (억원),2022,읍면지역,29427
전체 (억원),2022,과목: 일반교과 사교육,195936
전체 (억원),2022,국어,21577
전체 (억원),2022,영어,77943
전체 (억원),2022,수학,73246
전체 (억원),2022,"사회, 과학",11360
전체 (억원),2022,논술,8236
전체 (억원),2022,"제2외국어, 한문, 컴퓨터 등",3575
전체 (억원),2022,컴퓨터,1536
전체 (억원),2022,"제2외국어, 한문 등",2039
전체 (억원),2022,"과목: 예체능, 취미·교양 사교육",61975
전체 (억원),2022,음악,19140
전체 (억원),2022,미술,10879
전체 (억원),2022,체육,26987
전체 (억원),2022,취미·교양,4969
전체 (억원),2022,과목: 취업관련 사교육,736
전체 (억원),2022,과목: 진로·진학 학습상담,890
전체 (억원),2022,유형: 일반교과 사교육,195936
전체 (억원),2022,개인과외,24602
전체 (억원),2022,그룹과외,14698
전체 (억원),2022,학원수강,139755
전체 (억원),2022,방문학습지,7253
전체 (억원),2022,유료인터넷 및 통신강좌 등,9628
전체 (억원),2022,"유형: 예체능, 취미·교양 사교육",61975
전체 (억원),2022,개인과외,8027
전체 (억원),2022,그룹과외,3584
전체 (억원),2022,학원수강,48273
전체 (억원),2022,방문수업 및 기타,2091
초등학교 (억원),2013,전체,77375
초등학교 (억원),2013,대도시,34489
초등학교 (억원),2013,서울,16006
초등학교 (억원),2013,광역시,18483
초등학교 (억원),2013,대도시 이외,42886
초등학교 (억원),2013,중소도시,34613
초등학교 (억원),2013,읍면지역,8273
초등학교 (억원),2013,과목: 일반교과 사교육,52813
초등학교 (억원),2013,국어,4747
초등학교 (억원),2013,영어,25918
초등학교 (억원),2013,수학,14974
초등학교 (억원),2013,"사회, 과학",2739
초등학교 (억원),2013,논술,3139
초등학교 (억원),2013,"제2외국어, 한문, 컴퓨터 등",1297
초등학교 (억원),2013,"과목: 예체능, 취미·교양 사교육",24563
초등학교 (억원),2013,음악,10308
초등학교 (억원),2013,미술,3494
초등학교 (억원),2013,체육,9397
초등학교 (억원),2013,취미·교양,1363
초등학교 (억원),2013,과목: 취업관련 사교육,
초등학교 (억원),2013,유형: 일반교과 사교육,52813
초등학교 (억원),2013,개인과외,4833
초등학교 (억원),2013,그룹과외,6134
초등학교 (억원),2013,학원수강,34393
초등학교 (억원),2013,방문학습지,6837
초등학교 (억원),2013,유료인터넷 및 통신강좌 등,615
초등학교 (억원),2013,"유형: 예체능, 취미·교양 사교육",24563
초등학교 (억원),2013,개인과외,3562
초등학교 (억원),2013,그룹과외,1799
초등학교 (억원),2013,학원수강,18826
초등학교 (억원),2013,방문수업 및 기타,375
초등학교 (억원),2014,전체,75949
초등학교 (억원),2014,대도시,34163
초등학교 (억원),2014,서울,16481
초등학교 (억원),2014,광역시,17682
초등학교 (억원),2014,대도시 이외,41786
초등학교 (억원),2014,중소도시,32902
초등학교 (억원),2014,읍면지역,8884
초등학교 (억원),2014,과목: 일반교과 사교육,49920
초등학교 (억원),2014,국어,4310
초등학교 (억원),2014,영어,24804
초등학교 (억원),2014,수학,14682
초등학교 (억원),2014,"사회, 과학",2395
초등학교 (억원),2014,논술,2679
초등학교 (억원),2014,"제2외국어, 한문, 컴퓨터 등",1049
초등학교 (억원),2014,"과목: 예체능, 취미·교양 사교육",26029
초등학교 (억원),2014,음악,10455
초등학교 (억원),2014,미술,3423
초등학교 (억원),2014,체육,10809
초등학교 (억원),2014,취미·교양,1342
초등학교 (억원),2014,과목: 취업관련 사교육,0
초등학교 (억원),2014,유형: 일반교과 사교육,49920
초등학교 (억원),2014,개인과외,4365
초등학교 (억원),2014,그룹과외,5952
초등학교 (억원),2014,학원수강,32101
초등학교 (억원),2014,방문학습지,6923
초등학교 (억원),2014,유료인터넷 및 통신강좌 등,579
초등학교 (억원),2014,"유형: 예체능, 취미·교양 사교육",26029
초등학교 (억원),2014,개인과외,3820
초등학교 (억원),2014,그룹과외,2204
초등학교 (억원),2014,학원수강,19793
초등학교 (억원),2014,방문수업 및 기타,212
초등학교 (억원),2015,전체,75287
초등학교 (억원),2015,대도시,33634
초등학교 (억원),2015,서울,16017
초등학교 (억원),2015,광역시,17616
초등학교 (억원),2015,대도시 이외,41653
초등학교 (억원),2015,중소도시,34845
초등학교 (억원),2015,읍면지역,6808
초등학교 (억원),2015,과목: 일반교과 사교육,47950
초등학교 (억원),2015,국어,4265
초등학교 (억원),2015,영어,22886
초등학교 (억원),2015,수학,14288
초등학교 (억원),2015,"사회, 과학",2386
초등학교 (억원),2015,논술,2857
초등학교 (억원),2015,"제2외국어, 한문, 컴퓨터 등",1268
초등학교 (억원),2015,"과목: 예체능, 취미·교양 사교육",27337
초등학교 (억원),2015,음악,10393
초등학교 (억원),2015,미술,3479
초등학교 (억원),2015,체육,11869
초등학교 (억원),2015,취미·교양,1597
초등학교 (억원),2015,과목: 취업관련 사교육,0
초등학교 (억원),2015,유형: 일반교과 사교육,47950
초등학교 (억원),2015,개인과외,5511
초등학교 (억원),2015,그룹과외,6109
초등학교 (억원),2015,학원수강,29048
초등학교 (억원),2015,방문학습지,6628
초등학교 (억원),2015,유료인터넷 및 통신강좌 등,653
초등학교 (억원),2015,"유형: 예체능, 취미·교양 사교육",27337
초등학교 (억원),2015,개인과외,4042
초등학교 (억원),2015,그룹과외,2435
초등학교 (억원),2015,학원수강,20361
초등학교 (억원),2015,방문수업 및 기타,499
초등학교 (억원),2016,전체,77438
초등학교 (억원),2016,대도시,33884
초등학교 (억원),2016,서울,15625
초등학교 (억원),2016,광역시,18259
초등학교 (억원),2016,대도시 이외,43555
초등학교 (억원),2016,중소도시,36250
초등학교 (억원),2016,읍면지역,7305
초등학교 (억원),2016,과목: 일반교과 사교육,45484
초등학교 (억원),2016,국어,4030
초등학교 (억원),2016,영어,21631
초등학교 (억원),2016,수학,12917
초등학교 (억원),2016,"사회, 과학",2312
초등학교 (억원),2016,논술,3267
초등학교 (억원),2016,"제2외국어, 한문, 컴퓨터 등",1328
초등학교 (억원),2016,"과목: 예체능, 취미·교양 사교육",31955
초등학교 (억원),2016,음악,12249
초등학교 (억원),2016,미술,3912
초등학교 (억원),2016,체육,13676
초등학교 (억원),2016,취미·교양,2118
초등학교 (억원),2016,과목: 취업관련 사교육,0
초등학교 (억원),2016,유형: 일반교과 사교육,45484
초등학교 (억원),2016,개인과외,4131
초등학교 (억원),2016,그룹과외,5042
초등학교 (억원),2016,학원수강,27896
초등학교 (억원),2016,방문학습지,6645
초등학교 (억원),2016,유료인터넷 및 통신강좌 등,1770
초등학교 (억원),2016,"유형: 예체능, 취미·교양 사교육",31955
초등학교 (억원),2016,개인과외,3929
초등학교 (억원),2016,그룹과외,2142
초등학교 (억원),2016,학원수강,24159
초등학교 (억원),2016,방문수업 및 기타,1725
초등학교 (억원),2017,전체,81311
초등학교 (억원),2017,대도시,37163
초등학교 (억원),2017,서울,17532
초등학교 (억원),2017,광역시,19631
초등학교 (억원),2017,대도시 이외,44148
초등학교 (억원),2017,중소도시,34299
초등학교 (억원),2017,읍면지역,9849
초등학교 (억원),2017,과목: 일반교과 사교육,46956
초등학교 (억원),2017,국어,4558
초등학교 (억원),2017,영어,21354
초등학교 (억원),2017,수학,13789
초등학교 (억원),2017,"사회, 과학",2673
초등학교 (억원),2017,논술,3244
초등학교 (억원),2017,"제2외국어, 한문, 컴퓨터 등",1338
초등학교 (억원),2017,"과목: 예체능, 취미·교양 사교육",34238
초등학교 (억원),2017,음악,12406
초등학교 (억원),2017,미술,4229
초등학교 (억원),2017,체육,15060
초등학교 (억원),2017,취미·교양,2544
초등학교 (억원),2017,과목: 취업관련 사교육,0
초등학교 (억원),2017,과목: 진로·진학 학습상담,116
초등학교 (억원),2017,유형: 일반교과 사교육,46956
초등학교 (억원),2017,개인과외,3970
초등학교 (억원),2017,그룹과외,5379
초등학교 (억원),2017,학원수강,28790
초등학교 (억원),2017,방문학습지,6890
초등학교 (억원),2017,유료인터넷 및 통신강좌 등,1928
초등학교 (억원),2017,"유형: 예체능, 취미·교양 사교육",34238
초등학교 (억원),2017,개인과외,3825
초등학교 (억원),2017,그룹과외,2785
초등학교 (억원),2017,학원수강,25298
초등학교 (억원),2017,방문수업 및 기타,2331
초등학교 (억원),2018,전체,85531
초등학교 (억원),2018,대도시,37935
초등학교 (억원),2018,서울,18595
초등학교 (억원),2018,광역시,19339
초등학교 (억원),2018,대도시 이외,47597
초등학교 (억원),2018,중소도시,38950
초등학교 (억원),2018,읍면지역,8647
초등학교 (억원),2018,과목: 일반교과 사교육,50326
초등학교 (억원),2018,국어,4808
초등학교 (억원),2018,영어,22894
초등학교 (억원),2018,수학,14504
초등학교 (억원),2018,"사회, 과학",2567
초등학교 (억원),2018,논술,3881
초등학교 (억원),2018,"제2외국어, 한문, 컴퓨터 등",1674
초등학교 (억원),2018,"과목: 예체능, 취미·교양 사교육",35039
초등학교 (억원),2018,음악,11740
초등학교 (억원),2018,미술,4597
초등학교 (억원),2018,체육,16024
초등학교 (억원),2018,취미·교양,2678
초등학교 (억원),2018,과목: 취업관련 사교육,0
초등학교 (억원),2018,과목: 진로·진학 학습상담,166
초등학교 (억원),2018,유형: 일반교과 사교육,50326
초등학교 (억원),2018,개인과외,4651
초등학교 (억원),2018,그룹과외,5865
초등학교 (억원),2018,학원수강,30379
초등학교 (억원),2018,방문학습지,7070
초등학교 (억원),2018,유료인터넷 및 통신강좌 등,2361
초등학교 (억원),2018,"유형: 예체능, 취미·교양 사교육",35039
초등학교 (억원),2018,개인과외,4134
초등학교 (억원),2018,그룹과외,2862
초등학교 (억원),2018,학원수강,26165
초등학교 (억원),2018,방문수업 및 기타,1878
초등학교 (억원),2019,전체,95597
초등학교 (억원),2019,대도시,41180
초등학교 (억원),2019,서울,19529
초등학교 (억원),2019,광역시,21651
초등학교 (억원),2019,대도시 이외,54417
초등학교 (억원),2019,중소도시,44380
초등학교 (억원),2019,읍면지역,10036
초등학교 (억원),2019,과목: 일반교과 사교육,56545
초등학교 (억원),2019,국어,5098
초등학교 (억원),2019,영어,25797
초등학교 (억원),2019,수학,16591
초등학교 (억원),2019,"사회, 과학",2611
초등학교 (억원),2019,논술,4201
초등학교 (억원),2019,"제2외국어, 한문, 컴퓨터 등",2247
초등학교 (억원),2019,컴퓨터,728
초등학교 (억원),2019,"제2외국어, 한문 등",1519
초등학교 (억원),2019,"과목: 예체능, 취미·교양 사교육",38814
초등학교 (억원),2019,음악,12982
초등학교 (억원),2019,미술,5281
초등학교 (억원),2019,체육,18027
초등학교 (억원),2019,취미·교양,2524
초등학교 (억원),2019,과목: 취업관련 사교육,0
초등학교 (억원),2019,과목: 진로·진학 학습상담,237
초등학교 (억원),2019,유형: 일반교과 사교육,56545
초등학교 (억원),2019,개인과외,4476
초등학교 (억원),2019,그룹과외,5761
초등학교 (억원),2019,학원수강,36264
초등학교 (억원),2019,방문학습지,7164
초등학교 (억원),2019,유료인터넷 및 통신강좌 등,2881
초등학교 (억원),2019,"유형: 예체능, 취미·교양 사교육",38814
초등학교 (억원),2019,개인과외,3947
초등학교 (억원),2019,그룹과외,3100
초등학교 (억원),2019,학원수강,29881
초등학교 (억원),2019,방문수업 및 기타,1886
초등학교 (억원),2020,전체,76107
초등학교 (억원),2020,대도시,34561
초등학교 (억원),2020,서울,17232
초등학교 (억원),2020,광역시,17329
초등학교 (억원),2020,대도시 이외,41546
초등학교 (억원),2020,중소도시,32422
초등학교 (억원),2020,읍면지역,9124
초등학교 (억원),2020,과목: 일반교과 사교육,51176
초등학교 (억원),2020,국어,5173
초등학교 (억원),2020,영어,22951
초등학교 (억원),2020,수학,15805
초등학교 (억원),2020,"사회, 과학",2245
초등학교 (억원),2020,논술,3704
초등학교 (억원),2020,"제2외국어, 한문, 컴퓨터 등",1297
초등학교 (억원),2020,컴퓨터,308
초등학교 (억원),2020,"제2외국어, 한문 등",989
초등학교 (억원),2020,"과목: 예체능, 취미·교양 사교육",24685
초등학교 (억원),2020,음악,8641
초등학교 (억원),2020,미술,3375
초등학교 (억원),2020,체육,11270
초등학교 (억원),2020,취미·교양,1398
초등학교 (억원),2020,과목: 취업관련 사교육,0
초등학교 (억원),2020,과목: 진로·진학 학습상담,247
초등학교 (억원),2020,유형: 일반교과 사교육,51176
초등학교 (억원),2020,개인과외,5073
초등학교 (억원),2020,그룹과외,5420
초등학교 (억원),2020,학원수강,31563
초등학교 (억원),2020,방문학습지,6313
초등학교 (억원),2020,유료인터넷 및 통신강좌 등,2807
초등학교 (억원),2020,"유형: 예체능, 취미·교양 사교육",24685
초등학교 (억원),2020,개인과외,3441
초등학교 (억원),2020,그룹과외,1793
초등학교 (억원),2020,학원수강,18478
초등학교 (억원),2020,방문수업 및 기타,972
초등학교 (억원),2021,전체,105279
초등학교 (억원),2021,대도시,46646
초등학교 (억원),2021,서울,22693
초등학교 (억원),2021,광역시,23953
초등학교 (억원),2021,대도시 이외,58633
초등학교 (억원),2021,중소도시,45670
초등학교 (억원),2021,읍면지역,12963
초등학교 (억원),2021,과목: 일반교과 사교육,66977
초등학교 (억원),2021,국어,6394
초등학교 (억원),2021,영어,30837
초등학교 (억원),2021,수학,19962
초등학교 (억원),2021,"사회, 과학",2906
초등학교 (억원),2021,논술,4875
초등학교 (억원),2021,"제2외국어, 한문, 컴퓨터 등",2003
초등학교 (억원),2021,컴퓨터,728
초등학교 (억원),2021,"제2외국어, 한문 등",1275
초등학교 (억원),2021,"과목: 예체능, 취미·교양 사교육",38089
초등학교 (억원),2021,음악,13053
초등학교 (억원),2021,미술,5686
초등학교 (억원),2021,체육,17373
초등학교 (억원),2021,취미·교양,1976
초등학교 (억원),2021,과목: 취업관련 사교육,0
초등학교 (억원),2021,과목: 진로·진학 학습상담,213
초등학교 (억원),2021,유형: 일반교과 사교육,66977
초등학교 (억원),2021,개인과외,6205
초등학교 (억원),2021,그룹과외,5815
초등학교 (억원),2021,학원수강,43793
초등학교 (억원),2021,방문학습지,6460
초등학교 (억원),2021,유료인터넷 및 통신강좌 등,4703
초등학교 (억원),2021,"유형: 예체능, 취미·교양 사교육",38089
초등학교 (억원),2021,개인과외,3948
초등학교 (억원),2021,그룹과외,2107
초등학교 (억원),2021,학원수강,30881
초등학교 (억원),2021,방문수업 및 기타,1153
초등학교 (억원),2022,전체,119055
초등학교 (억원),2022,대도시,52300
초등학교 (억원),2022,서울,25316
초등학교 (억원),2022,광역시,26985
초등학교 (억원),2022,대도시 이외,66755
초등학교 (억원),2022,중소도시,51538
초등학교 (억원),2022,읍면지역,15217
초등학교 (억원),2022,과목: 일반교과 사교육,74849
초등학교 (억원),2022,국어,7082
초등학교 (억원),2022,영어,34525
초등학교 (억원),2022,수학,22585
초등학교 (억원),2022,"사회, 과학",2989
초등학교 (억원),2022,논술,5398
초등학교 (억원),2022,"제2외국어, 한문, 컴퓨터 등",2271
초등학교 (억원),2022,컴퓨터,914
초등학교 (억원),2022,"제2외국어, 한문 등",1357
초등학교 (억원),2022,"과목: 예체능, 취미·교양 사교육",43973
초등학교 (억원),2022,음악,14404
초등학교 (억원),2022,미술,6382
초등학교 (억원),2022,체육,20832
초등학교 (억원),2022,취미·교양,2355
초등학교 (억원),2022,과목: 진로·진학 학습상담,233
초등학교 (억원),2022,유형: 일반교과 사교육,74849
초등학교 (억원),2022,개인과외,5957
초등학교 (억원),2022,그룹과외,6131
초등학교 (억원),2022,학원수강,50845
초등학교 (억원),2022,방문학습지,6418
초등학교 (억원),2022,유료인터넷 및 통신강좌 등,5498
초등학교 (억원),2022,"유형: 예체능, 취미·교양 사교육",43973
초등학교 (억원),2022,개인과외,3808
초등학교 (억원),2022,그룹과외,2354
초등학교 (억원),2022,학원수강,36267
초등학교 (억원),2022,방문수업 및 기타,1544
중학교 (억원),2013,전체,57831
중학교 (억원),2013,대도시,27195
중학교 (억원),2013,서울,12754
중학교 (억원),2013,광역시,14441
중학교 (억원),2013,대도시 이외,30635
중학교 (억원),2013,중소도시,25349
중학교 (억원),2013,읍면지역,5286
중학교 (억원),2013,과목: 일반교과 사교육,53016
중학교 (억원),2013,국어,3691
중학교 (억원),2013,영어,21808
중학교 (억원),2013,수학,22713
중학교 (억원),2013,"사회, 과학",3100
중학교 (억원),2013,논술,1108
중학교 (억원),2013,"제2외국어, 한문, 컴퓨터 등",595
중학교 (억원),2013,"과목: 예체능, 취미·교양 사교육",4815
중학교 (억원),2013,음악,1740
중학교 (억원),2013,미술,731
중학교 (억원),2013,체육,1713
중학교 (억원),2013,취미·교양,630
중학교 (억원),2013,과목: 취업관련 사교육,
중학교 (억원),2013,유형: 일반교과 사교육,53016
중학교 (억원),2013,개인과외,8169
중학교 (억원),2013,그룹과외,5555
중학교 (억원),2013,학원수강,37695
중학교 (억원),2013,방문학습지,1059
중학교 (억원),2013,유료인터넷 및 통신강좌 등,539
중학교 (억원),2013,"유형: 예체능, 취미·교양 사교육",4815
중학교 (억원),2013,개인과외,1121
중학교 (억원),2013,그룹과외,535
중학교 (억원),2013,학원수강,3107
중학교 (억원),2013,방문수업 및 기타,52
중학교 (억원),2014,전체,55678
중학교 (억원),2014,대도시,25556
중학교 (억원),2014,서울,12012
중학교 (억원),2014,광역시,13544
중학교 (억원),2014,대도시 이외,30122
중학교 (억원),2014,중소도시,24697
중학교 (억원),2014,읍면지역,5425
중학교 (억원),2014,과목: 일반교과 사교육,51122
중학교 (억원),2014,국어,3043
중학교 (억원),2014,영어,21349
중학교 (억원),2014,수학,22484
중학교 (억원),2014,"사회, 과학",2757
중학교 (억원),2014,논술,1021
중학교 (억원),2014,"제2외국어, 한문, 컴퓨터 등",468
중학교 (억원),2014,"과목: 예체능, 취미·교양 사교육",4556
중학교 (억원),2014,음악,1663
중학교 (억원),2014,미술,653
중학교 (억원),2014,체육,1740
중학교 (억원),2014,취미·교양,500
중학교 (억원),2014,과목: 취업관련 사교육,0
중학교 (억원),2014,유형: 일반교과 사교육,51122
중학교 (억원),2014,개인과외,8155
중학교 (억원),2014,그룹과외,5605
중학교 (억원),2014,학원수강,35897
중학교 (억원),2014,방문학습지,959
중학교 (억원),2014,유료인터넷 및 통신강좌 등,506
중학교 (억원),2014,"유형: 예체능, 취미·교양 사교육",4556
중학교 (억원),2014,개인과외,1254
중학교 (억원),2014,그룹과외,419
중학교 (억원),2014,학원수강,2844
중학교 (억원),2014,방문수업 및 기타,39
중학교 (억원),2015,전체,52384
중학교 (억원),2015,대도시,23797
중학교 (억원),2015,서울,11222
중학교 (억원),2015,광역시,12574
중학교 (억원),2015,대도시 이외,28587
중학교 (억원),2015,중소도시,23696
중학교 (억원),2015,읍면지역,4892
중학교 (억원),2015,과목: 일반교과 사교육,47678
중학교 (억원),2015,국어,2701
중학교 (억원),2015,영어,19918
중학교 (억원),2015,수학,20924
중학교 (억원),2015,"사회, 과학",2563
중학교 (억원),2015,논술,1028
중학교 (억원),2015,"제2외국어, 한문, 컴퓨터 등",544
중학교 (억원),2015,"과목: 예체능, 취미·교양 사교육",4706
중학교 (억원),2015,음악,1660
중학교 (억원),2015,미술,636
중학교 (억원),2015,체육,1763
중학교 (억원),2015,취미·교양,646
중학교 (억원),2015,과목: 취업관련 사교육,0
중학교 (억원),2015,유형: 일반교과 사교육,47678
중학교 (억원),2015,개인과외,7693
중학교 (억원),2015,그룹과외,5276
중학교 (억원),2015,학원수강,33554
중학교 (억원),2015,방문학습지,759
중학교 (억원),2015,유료인터넷 및 통신강좌 등,396
중학교 (억원),2015,"유형: 예체능, 취미·교양 사교육",4706
중학교 (억원),2015,개인과외,1396
중학교 (억원),2015,그룹과외,527
중학교 (억원),2015,학원수강,2696
중학교 (억원),2015,방문수업 및 기타,87
중학교 (억원),2016,전체,48102
중학교 (억원),2016,대도시,22439
중학교 (억원),2016,서울,10657
중학교 (억원),2016,광역시,11782
중학교 (억원),2016,대도시 이외,25662
중학교 (억원),2016,중소도시,21583
중학교 (억원),2016,읍면지역,4080
중학교 (억원),2016,과목: 일반교과 사교육,43053
중학교 (억원),2016,국어,2456
중학교 (억원),2016,영어,17659
중학교 (억원),2016,수학,18890
중학교 (억원),2016,"사회, 과학",2423
중학교 (억원),2016,논술,1081
중학교 (억원),2016,"제2외국어, 한문, 컴퓨터 등",544
중학교 (억원),2016,"과목: 예체능, 취미·교양 사교육",5049
중학교 (억원),2016,음악,1654
중학교 (억원),2016,미술,539
중학교 (억원),2016,체육,2225
중학교 (억원),2016,취미·교양,631
중학교 (억원),2016,과목: 취업관련 사교육,0
중학교 (억원),2016,유형: 일반교과 사교육,43053
중학교 (억원),2016,개인과외,6732
중학교 (억원),2016,그룹과외,3831
중학교 (억원),2016,학원수강,31139
중학교 (억원),2016,방문학습지,744
중학교 (억원),2016,유료인터넷 및 통신강좌 등,607
중학교 (억원),2016,"유형: 예체능, 취미·교양 사교육",5049
중학교 (억원),2016,개인과외,1293
중학교 (억원),2016,그룹과외,486
중학교 (억원),2016,학원수강,2977
중학교 (억원),2016,방문수업 및 기타,293
중학교 (억원),2017,전체,48297
중학교 (억원),2017,대도시,22858
중학교 (억원),2017,서울,11361
중학교 (억원),2017,광역시,11497
중학교 (억원),2017,대도시 이외,25439
중학교 (억원),2017,중소도시,21292
중학교 (억원),2017,읍면지역,4147
중학교 (억원),2017,과목: 일반교과 사교육,42317
중학교 (억원),2017,국어,2527
중학교 (억원),2017,영어,17383
중학교 (억원),2017,수학,18367
중학교 (억원),2017,"사회, 과학",2354
중학교 (억원),2017,논술,1126
중학교 (억원),2017,"제2외국어, 한문, 컴퓨터 등",560
중학교 (억원),2017,"과목: 예체능, 취미·교양 사교육",5864
중학교 (억원),2017,음악,1933
중학교 (억원),2017,미술,853
중학교 (억원),2017,체육,2355
중학교 (억원),2017,취미·교양,724
중학교 (억원),2017,과목: 취업관련 사교육,0
중학교 (억원),2017,과목: 진로·진학 학습상담,116
중학교 (억원),2017,유형: 일반교과 사교육,42317
중학교 (억원),2017,개인과외,5591
중학교 (억원),2017,그룹과외,4507
중학교 (억원),2017,학원수강,30873
중학교 (억원),2017,방문학습지,789
중학교 (억원),2017,유료인터넷 및 통신강좌 등,557
중학교 (억원),2017,"유형: 예체능, 취미·교양 사교육",5864
중학교 (억원),2017,개인과외,1647
중학교 (억원),2017,그룹과외,554
중학교 (억원),2017,학원수강,3303
중학교 (억원),2017,방문수업 및 기타,361
중학교 (억원),2018,전체,49972
중학교 (억원),2018,대도시,23000
중학교 (억원),2018,서울,10764
중학교 (억원),2018,광역시,12236
중학교 (억원),2018,대도시 이외,26972
중학교 (억원),2018,중소도시,22059
중학교 (억원),2018,읍면지역,4913
중학교 (억원),2018,과목: 일반교과 사교육,43864
중학교 (억원),2018,국어,2559
중학교 (억원),2018,영어,17856
중학교 (억원),2018,수학,19214
중학교 (억원),2018,"사회, 과학",2356
중학교 (억원),2018,논술,1347
중학교 (억원),2018,"제2외국어, 한문, 컴퓨터 등",532
중학교 (억원),2018,"과목: 예체능, 취미·교양 사교육",5981
중학교 (억원),2018,음악,1592
중학교 (억원),2018,미술,768
중학교 (억원),2018,체육,2815
중학교 (억원),2018,취미·교양,807
중학교 (억원),2018,과목: 취업관련 사교육,0
중학교 (억원),2018,과목: 진로·진학 학습상담,127
중학교 (억원),2018,유형: 일반교과 사교육,43864
중학교 (억원),2018,개인과외,5926
중학교 (억원),2018,그룹과외,4488
중학교 (억원),2018,학원수강,31980
중학교 (억원),2018,방문학습지,754
중학교 (억원),2018,유료인터넷 및 통신강좌 등,715
중학교 (억원),2018,"유형: 예체능, 취미·교양 사교육",5981
중학교 (억원),2018,개인과외,1269
중학교 (억원),2018,그룹과외,721
중학교 (억원),2018,학원수강,3626
중학교 (억원),2018,방문수업 및 기타,365
중학교 (억원),2019,전체,52554
중학교 (억원),2019,대도시,23639
중학교 (억원),2019,서울,11535
중학교 (억원),2019,광역시,12104
중학교 (억원),2019,대도시 이외,28915
중학교 (억원),2019,중소도시,23651
중학교 (억원),2019,읍면지역,5265
중학교 (억원),2019,과목: 일반교과 사교육,46191
중학교 (억원),2019,국어,2615
중학교 (억원),2019,영어,18859
중학교 (억원),2019,수학,20112
중학교 (억원),2019,"사회, 과학",2509
중학교 (억원),2019,논술,1295
중학교 (억원),2019,"제2외국어, 한문, 컴퓨터 등",802
중학교 (억원),2019,컴퓨터,218
중학교 (억원),2019,"제2외국어, 한문 등",583
중학교 (억원),2019,"과목: 예체능, 취미·교양 사교육",6210
중학교 (억원),2019,음악,1896
중학교 (억원),2019,미술,856
중학교 (억원),2019,체육,2594
중학교 (억원),2019,취미·교양,864
중학교 (억원),2019,과목: 취업관련 사교육,0
중학교 (억원),2019,과목: 진로·진학 학습상담,153
중학교 (억원),2019,유형: 일반교과 사교육,46191
중학교 (억원),2019,개인과외,5633
중학교 (억원),2019,그룹과외,4453
중학교 (억원),2019,학원수강,34404
중학교 (억원),2019,방문학습지,769
중학교 (억원),2019,유료인터넷 및 통신강좌 등,931
중학교 (억원),2019,"유형: 예체능, 취미·교양 사교육",6210
중학교 (억원),2019,개인과외,1318
중학교 (억원),2019,그룹과외,570
중학교 (억원),2019,학원수강,3956
중학교 (억원),2019,방문수업 및 기타,365
중학교 (억원),2020,전체,53943
중학교 (억원),2020,대도시,24902
중학교 (억원),2020,서울,12234
중학교 (억원),2020,광역시,12668
중학교 (억원),2020,대도시 이외,29041
중학교 (억원),2020,중소도시,23366
중학교 (억원),2020,읍면지역,5675
중학교 (억원),2020,과목: 일반교과 사교육,48070
중학교 (억원),2020,국어,3018
중학교 (억원),2020,영어,19413
중학교 (억원),2020,수학,20927
중학교 (억원),2020,"사회, 과학",2537
중학교 (억원),2020,논술,1560
중학교 (억원),2020,"제2외국어, 한문, 컴퓨터 등",616
중학교 (억원),2020,컴퓨터,190
중학교 (억원),2020,"제2외국어, 한문 등",425
중학교 (억원),2020,"과목: 예체능, 취미·교양 사교육",5728
중학교 (억원),2020,음악,1552
중학교 (억원),2020,미술,755
중학교 (억원),2020,체육,2686
중학교 (억원),2020,취미·교양,735
중학교 (억원),2020,과목: 취업관련 사교육,0
중학교 (억원),2020,과목: 진로·진학 학습상담,145
중학교 (억원),2020,유형: 일반교과 사교육,48070
중학교 (억원),2020,개인과외,6240
중학교 (억원),2020,그룹과외,4674
중학교 (억원),2020,학원수강,35180
중학교 (억원),2020,방문학습지,818
중학교 (억원),2020,유료인터넷 및 통신강좌 등,1158
중학교 (억원),2020,"유형: 예체능, 취미·교양 사교육",5728
중학교 (억원),2020,개인과외,1507
중학교 (억원),2020,그룹과외,706
중학교 (억원),2020,학원수강,3291
중학교 (억원),2020,방문수업 및 기타,224
중학교 (억원),2021,전체,63480
중학교 (억원),2021,대도시,28301
중학교 (억원),2021,서울,13251
중학교 (억원),2021,광역시,15049
중학교 (억원),2021,대도시 이외,35179
중학교 (억원),2021,중소도시,28156
중학교 (억원),2021,읍면지역,7023
중학교 (억원),2021,과목: 일반교과 사교육,56719
중학교 (억원),2021,국어,4057
중학교 (억원),2021,영어,22550
중학교 (억원),2021,수학,24076
중학교 (억원),2021,"사회, 과학",3354
중학교 (억원),2021,논술,1912
중학교 (억원),2021,"제2외국어, 한문, 컴퓨터 등",770
중학교 (억원),2021,컴퓨터,277
중학교 (억원),2021,"제2외국어, 한문 등",493
중학교 (억원),2021,"과목: 예체능, 취미·교양 사교육",6603
중학교 (억원),2021,음악,1614
중학교 (억원),2021,미술,907
중학교 (억원),2021,체육,3196
중학교 (억원),2021,취미·교양,886
중학교 (억원),2021,과목: 취업관련 사교육,0
중학교 (억원),2021,과목: 진로·진학 학습상담,158
중학교 (억원),2021,유형: 일반교과 사교육,56719
중학교 (억원),2021,개인과외,7460
중학교 (억원),2021,그룹과외,5470
중학교 (억원),2021,학원수강,41147
중학교 (억원),2021,방문학습지,826
중학교 (억원),2021,유료인터넷 및 통신강좌 등,1817
중학교 (억원),2021,"유형: 예체능, 취미·교양 사교육",6603
중학교 (억원),2021,개인과외,1445
중학교 (억원),2021,그룹과외,620
중학교 (억원),2021,학원수강,4281
중학교 (억원),2021,방문수업 및 기타,256
중학교 (억원),2022,전체,70832
중학교 (억원),2022,대도시,31291
중학교 (억원),2022,서울,14905
중학교 (억원),2022,광역시,16386
중학교 (억원),2022,대도시 이외,39541
중학교 (억원),2022,중소도시,31987
중학교 (억원),2022,읍면지역,7554
중학교 (억원),2022,과목: 일반교과 사교육,61946
중학교 (억원),2022,국어,4682
중학교 (억원),2022,영어,24689
중학교 (억원),2022,수학,26357
중학교 (억원),2022,"사회, 과학",3504
중학교 (억원),2022,논술,1996
중학교 (억원),2022,"제2외국어, 한문, 컴퓨터 등",718
중학교 (억원),2022,컴퓨터,340
중학교 (억원),2022,"제2외국어, 한문 등",378
중학교 (억원),2022,"과목: 예체능, 취미·교양 사교육",8695
중학교 (억원),2022,음악,2005
중학교 (억원),2022,미술,1361
중학교 (억원),2022,체육,4261
중학교 (억원),2022,취미·교양,1068
중학교 (억원),2022,과목: 진로·진학 학습상담,191
중학교 (억원),2022,유형: 일반교과 사교육,61946
중학교 (억원),2022,개인과외,8005
중학교 (억원),2022,그룹과외,4866
중학교 (억원),2022,학원수강,46155
중학교 (억원),2022,방문학습지,770
중학교 (억원),2022,유료인터넷 및 통신강좌 등,2151
중학교 (억원),2022,"유형: 예체능, 취미·교양 사교육",8695
중학교 (억원),2022,개인과외,1749
중학교 (억원),2022,그룹과외,827
중학교 (억원),2022,학원수강,5782
중학교 (억원),2022,방문수업 및 기타,338
고등학교 (억원),2013,전체,50754
고등학교 (억원),2013,대도시,28032
고등학교 (억원),2013,서울,14869
고등학교 (억원),2013,광역시,13163
고등학교 (억원),2013,대도시 이외,22722
고등학교 (억원),2013,중소도시,19470
고등학교 (억원),2013,읍면지역,3252
고등학교 (억원),2013,과목: 일반교과 사교육,42973
고등학교 (억원),2013,국어,4199
고등학교 (억원),2013,영어,15591
고등학교 (억원),2013,수학,20075
고등학교 (억원),2013,"사회, 과학",1309
고등학교 (억원),2013,논술,1487
고등학교 (억원),2013,"제2외국어, 한문, 컴퓨터 등",311
고등학교 (억원),2013,"과목: 예체능, 취미·교양 사교육",7363
고등학교 (억원),2013,음악,2520
고등학교 (억원),2013,미술,2624
고등학교 (억원),2013,체육,978
고등학교 (억원),2013,취미·교양,1241
고등학교 (억원),2013,과목: 취업관련 사교육,418
고등학교 (억원),2013,유형: 일반교과 사교육,42973
고등학교 (억원),2013,개인과외,12571
고등학교 (억원),2013,그룹과외,5066
고등학교 (억원),2013,학원수강,24755
고등학교 (억원),2013,방문학습지,112
고등학교 (억원),2013,유료인터넷 및 통신강좌 등,469
고등학교 (억원),2013,"유형: 예체능, 취미·교양 사교육",7363
고등학교 (억원),2013,개인과외,1739
고등학교 (억원),2013,그룹과외,217
고등학교 (억원),2013,학원수강,5384
고등학교 (억원),2013,방문수업 및 기타,24
고등학교 (억원),2014,전체,50671
고등학교 (억원),2014,대도시,26770
고등학교 (억원),2014,서울,14278
고등학교 (억원),2014,광역시,12492
고등학교 (억원),2014,대도시 이외,23901
고등학교 (억원),2014,중소도시,20224
고등학교 (억원),2014,읍면지역,3677
고등학교 (억원),2014,과목: 일반교과 사교육,42790
고등학교 (억원),2014,국어,3964
고등학교 (억원),2014,영어,15344
고등학교 (억원),2014,수학,20516
고등학교 (억원),2014,"사회, 과학",1647
고등학교 (억원),2014,논술,1084
고등학교 (억원),2014,"제2외국어, 한문, 컴퓨터 등",234
고등학교 (억원),2014,"과목: 예체능, 취미·교양 사교육",7365
고등학교 (억원),2014,음악,2552
고등학교 (억원),2014,미술,2528
고등학교 (억원),2014,체육,985
고등학교 (억원),2014,취미·교양,1299
고등학교 (억원),2014,과목: 취업관련 사교육,516
고등학교 (억원),2014,유형: 일반교과 사교육,42790
고등학교 (억원),2014,개인과외,11984
고등학교 (억원),2014,그룹과외,4773
고등학교 (억원),2014,학원수강,25522
고등학교 (억원),2014,방문학습지,93
고등학교 (억원),2014,유료인터넷 및 통신강좌 등,418
고등학교 (억원),2014,"유형: 예체능, 취미·교양 사교육",7365
고등학교 (억원),2014,개인과외,1906
고등학교 (억원),2014,그룹과외,159
고등학교 (억원),2014,학원수강,5276
고등학교 (억원),2014,방문수업 및 기타,23
고등학교 (억원),2015,전체,50675
고등학교 (억원),2015,대도시,26453
고등학교 (억원),2015,서울,14184
고등학교 (억원),2015,광역시,12269
고등학교 (억원),2015,대도시 이외,24222
고등학교 (억원),2015,중소도시,20344
고등학교 (억원),2015,읍면지역,3878
고등학교 (억원),2015,과목: 일반교과 사교육,43320
고등학교 (억원),2015,국어,3882
고등학교 (억원),2015,영어,15544
고등학교 (억원),2015,수학,20720
고등학교 (억원),2015,"사회, 과학",1753
고등학교 (억원),2015,논술,1103
고등학교 (억원),2015,"제2외국어, 한문, 컴퓨터 등",316
고등학교 (억원),2015,"과목: 예체능, 취미·교양 사교육",6687
고등학교 (억원),2015,음악,1871
고등학교 (억원),2015,미술,2471
고등학교 (억원),2015,체육,1254
고등학교 (억원),2015,취미·교양,1091
고등학교 (억원),2015,과목: 취업관련 사교육,669
고등학교 (억원),2015,유형: 일반교과 사교육,43320
고등학교 (억원),2015,개인과외,11621
고등학교 (억원),2015,그룹과외,4611
고등학교 (억원),2015,학원수강,26504
고등학교 (억원),2015,방문학습지,98
고등학교 (억원),2015,유료인터넷 및 통신강좌 등,485
고등학교 (억원),2015,"유형: 예체능, 취미·교양 사교육",6687
고등학교 (억원),2015,개인과외,1768
고등학교 (억원),2015,그룹과외,197
고등학교 (억원),2015,학원수강,4677
고등학교 (억원),2015,방문수업 및 기타,45
고등학교 (억원),2016,전체,55065
고등학교 (억원),2016,대도시,27951
고등학교 (억원),2016,서울,14981
고등학교 (억원),2016,광역시,12970
고등학교 (억원),2016,대도시 이외,27114
고등학교 (억원),2016,중소도시,23468
고등학교 (억원),2016,읍면지역,3646
고등학교 (억원),2016,과목: 일반교과 사교육,46520
고등학교 (억원),2016,국어,4832
고등학교 (억원),2016,영어,16154
고등학교 (억원),2016,수학,21830
고등학교 (억원),2016,"사회, 과학",2290
고등학교 (억원),2016,논술,1042
고등학교 (억원),2016,"제2외국어, 한문, 컴퓨터 등",372
고등학교 (억원),2016,"과목: 예체능, 취미·교양 사교육",7729
고등학교 (억원),2016,음악,2342
고등학교 (억원),2016,미술,2901
고등학교 (억원),2016,체육,1262
고등학교 (억원),2016,취미·교양,1223
고등학교 (억원),2016,과목: 취업관련 사교육,816
고등학교 (억원),2016,유형: 일반교과 사교육,46520
고등학교 (억원),2016,개인과외,11059
고등학교 (억원),2016,그룹과외,4663
고등학교 (억원),2016,학원수강,30040
고등학교 (억원),2016,방문학습지,91
고등학교 (억원),2016,유료인터넷 및 통신강좌 등,666
고등학교 (억원),2016,"유형: 예체능, 취미·교양 사교육",7729
고등학교 (억원),2016,개인과외,2060
고등학교 (억원),2016,그룹과외,324
고등학교 (억원),2016,학원수강,5127
고등학교 (억원),2016,방문수업 및 기타,218
고등학교 (억원),2017,전체,57095
고등학교 (억원),2017,대도시,28936
고등학교 (억원),2017,서울,15124
고등학교 (억원),2017,광역시,13812
고등학교 (억원),2017,대도시 이외,28159
고등학교 (억원),2017,중소도시,23162
고등학교 (억원),2017,읍면지역,4997
고등학교 (억원),2017,과목: 일반교과 사교육,46592
고등학교 (억원),2017,국어,5491
고등학교 (억원),2017,영어,15513
고등학교 (억원),2017,수학,21775
고등학교 (억원),2017,"사회, 과학",2393
고등학교 (억원),2017,논술,904
고등학교 (억원),2017,"제2외국어, 한문, 컴퓨터 등",516
고등학교 (억원),2017,"과목: 예체능, 취미·교양 사교육",9057
고등학교 (억원),2017,음악,2312
고등학교 (억원),2017,미술,2808
고등학교 (억원),2017,체육,2133
고등학교 (억원),2017,취미·교양,1805
고등학교 (억원),2017,과목: 취업관련 사교육,1197
고등학교 (억원),2017,과목: 진로·진학 학습상담,249
고등학교 (억원),2017,유형: 일반교과 사교육,46592
고등학교 (억원),2017,개인과외,9776
고등학교 (억원),2017,그룹과외,4758
고등학교 (억원),2017,학원수강,31260
고등학교 (억원),2017,방문학습지,123
고등학교 (억원),2017,유료인터넷 및 통신강좌 등,675
고등학교 (억원),2017,"유형: 예체능, 취미·교양 사교육",9057
고등학교 (억원),2017,개인과외,2578
고등학교 (억원),2017,그룹과외,413
고등학교 (억원),2017,학원수강,5881
고등학교 (억원),2017,방문수업 및 기타,184
고등학교 (억원),2018,전체,59348
고등학교 (억원),2018,대도시,28527
고등학교 (억원),2018,서울,15080
고등학교 (억원),2018,광역시,13446
고등학교 (억원),2018,대도시 이외,30821
고등학교 (억원),2018,중소도시,26108
고등학교 (억원),2018,읍면지역,4714
고등학교 (억원),2018,과목: 일반교과 사교육,48410
고등학교 (억원),2018,국어,6488
고등학교 (억원),2018,영어,15979
고등학교 (억원),2018,수학,21762
고등학교 (억원),2018,"사회, 과학",2821
고등학교 (억원),2018,논술,802
고등학교 (억원),2018,"제2외국어, 한문, 컴퓨터 등",558
고등학교 (억원),2018,"과목: 예체능, 취미·교양 사교육",9686
고등학교 (억원),2018,음악,3004
고등학교 (억원),2018,미술,3353
고등학교 (억원),2018,체육,1813
고등학교 (억원),2018,취미·교양,1516
고등학교 (억원),2018,과목: 취업관련 사교육,929
고등학교 (억원),2018,과목: 진로·진학 학습상담,324
고등학교 (억원),2018,유형: 일반교과 사교육,48410
고등학교 (억원),2018,개인과외,9657
고등학교 (억원),2018,그룹과외,4500
고등학교 (억원),2018,학원수강,33368
고등학교 (억원),2018,방문학습지,96
고등학교 (억원),2018,유료인터넷 및 통신강좌 등,789
고등학교 (억원),2018,"유형: 예체능, 취미·교양 사교육",9686
고등학교 (억원),2018,개인과외,2696
고등학교 (억원),2018,그룹과외,412
고등학교 (억원),2018,학원수강,6401
고등학교 (억원),2018,방문수업 및 기타,177
고등학교 (억원),2019,전체,61819
고등학교 (억원),2019,대도시,30244
고등학교 (억원),2019,서울,15789
고등학교 (억원),2019,광역시,14454
고등학교 (억원),2019,대도시 이외,31575
고등학교 (억원),2019,중소도시,26287
고등학교 (억원),2019,읍면지역,5287
고등학교 (억원),2019,과목: 일반교과 사교육,51315
고등학교 (억원),2019,국어,7300
고등학교 (억원),2019,영어,16725
고등학교 (억원),2019,수학,22211
고등학교 (억원),2019,"사회, 과학",3383
고등학교 (억원),2019,논술,1029
고등학교 (억원),2019,"제2외국어, 한문, 컴퓨터 등",666
고등학교 (억원),2019,컴퓨터,208
고등학교 (억원),2019,"제2외국어, 한문 등",457
고등학교 (억원),2019,"과목: 예체능, 취미·교양 사교육",9250
고등학교 (억원),2019,음악,2828
고등학교 (억원),2019,미술,2982
고등학교 (억원),2019,체육,1903
고등학교 (억원),2019,취미·교양,1536
고등학교 (억원),2019,과목: 취업관련 사교육,910
고등학교 (억원),2019,과목: 진로·진학 학습상담,344
고등학교 (억원),2019,유형: 일반교과 사교육,51315
고등학교 (억원),2019,개인과외,9792
고등학교 (억원),2019,그룹과외,4162
고등학교 (억원),2019,학원수강,36306
고등학교 (억원),2019,방문학습지,64
고등학교 (억원),2019,유료인터넷 및 통신강좌 등,990
고등학교 (억원),2019,"유형: 예체능, 취미·교양 사교육",9250
고등학교 (억원),2019,개인과외,2619
고등학교 (억원),2019,그룹과외,466
고등학교 (억원),2019,학원수강,5967
고등학교 (억원),2019,방문수업 및 기타,197
고등학교 (억원),2020,전체,63482
고등학교 (억원),2020,대도시,30676
고등학교 (억원),2020,서울,16292
고등학교 (억원),2020,광역시,14384
고등학교 (억원),2020,대도시 이외,32806
고등학교 (억원),2020,중소도시,27354
고등학교 (억원),2020,읍면지역,5452
고등학교 (억원),2020,과목: 일반교과 사교육,53978
고등학교 (억원),2020,국어,7823
고등학교 (억원),2020,영어,17544
고등학교 (억원),2020,수학,23228
고등학교 (억원),2020,"사회, 과학",4004
고등학교 (억원),2020,논술,730
고등학교 (억원),2020,"제2외국어, 한문, 컴퓨터 등",649
고등학교 (억원),2020,컴퓨터,235
고등학교 (억원),2020,"제2외국어, 한문 등",414
고등학교 (억원),2020,"과목: 예체능, 취미·교양 사교육",8228
고등학교 (억원),2020,음악,2239
고등학교 (억원),2020,미술,2829
고등학교 (억원),2020,체육,1905
고등학교 (억원),2020,취미·교양,1254
고등학교 (억원),2020,과목: 취업관련 사교육,895
고등학교 (억원),2020,과목: 진로·진학 학습상담,382
고등학교 (억원),2020,유형: 일반교과 사교육,53978
고등학교 (억원),2020,개인과외,9834
고등학교 (억원),2020,그룹과외,4317
고등학교 (억원),2020,학원수강,38703
고등학교 (억원),2020,방문학습지,68
고등학교 (억원),2020,유료인터넷 및 통신강좌 등,1056
고등학교 (억원),2020,"유형: 예체능, 취미·교양 사교육",8228
고등학교 (억원),2020,개인과외,2101
고등학교 (억원),2020,그룹과외,519
고등학교 (억원),2020,학원수강,5445
고등학교 (억원),2020,방문수업 및 기타,163
고등학교 (억원),2021,전체,65399
고등학교 (억원),2021,대도시,31275
고등학교 (억원),2021,서울,16445
고등학교 (억원),2021,광역시,14830
고등학교 (억원),2021,대도시 이외,34124
고등학교 (억원),2021,중소도시,28180
고등학교 (억원),2021,읍면지역,5945
고등학교 (억원),2021,과목: 일반교과 사교육,55701
고등학교 (억원),2021,국어,8820
고등학교 (억원),2021,영어,18010
고등학교 (억원),2021,수학,23318
고등학교 (억원),2021,"사회, 과학",4206
고등학교 (억원),2021,논술,731
고등학교 (억원),2021,"제2외국어, 한문, 컴퓨터 등",617
고등학교 (억원),2021,컴퓨터,256
고등학교 (억원),2021,"제2외국어, 한문 등",361
고등학교 (억원),2021,"과목: 예체능, 취미·교양 사교육",8410
고등학교 (억원),2021,음악,2188
고등학교 (억원),2021,미술,3322
고등학교 (억원),2021,체육,1630
고등학교 (억원),2021,취미·교양,1269
고등학교 (억원),2021,과목: 취업관련 사교육,901
고등학교 (억원),2021,과목: 진로·진학 학습상담,387
고등학교 (억원),2021,유형: 일반교과 사교육,55701
고등학교 (억원),2021,개인과외,10549
고등학교 (억원),2021,그룹과외,3809
고등학교 (억원),2021,학원수강,39535
고등학교 (억원),2021,방문학습지,71
고등학교 (억원),2021,유료인터넷 및 통신강좌 등,1737
고등학교 (억원),2021,"유형: 예체능, 취미·교양 사교육",8410
고등학교 (억원),2021,개인과외,2016
고등학교 (억원),2021,그룹과외,354
고등학교 (억원),2021,학원수강,5856
고등학교 (억원),2021,방문수업 및 기타,184
고등학교 (억원),2022,전체,69651
고등학교 (억원),2022,대도시,32789
고등학교 (억원),2022,서울,17489
고등학교 (억원),2022,광역시,15301
고등학교 (억원),2022,대도시 이외,36861
고등학교 (억원),2022,중소도시,30205
고등학교 (억원),2022,읍면지역,6656
고등학교 (억원),2022,과목: 일반교과 사교육,59141
고등학교 (억원),2022,국어,9813
고등학교 (억원),2022,영어,18729
고등학교 (억원),2022,수학,24304
고등학교 (억원),2022,"사회, 과학",4867
고등학교 (억원),2022,논술,842
고등학교 (억원),2022,"제2외국어, 한문, 컴퓨터 등",587
고등학교 (억원),2022,컴퓨터,282
고등학교 (억원),2022,"제2외국어, 한문 등",305
고등학교 (억원),2022,"과목: 예체능, 취미·교양 사교육",9307
고등학교 (억원),2022,음악,2731
고등학교 (억원),2022,미술,3136
고등학교 (억원),2022,체육,1894
고등학교 (억원),2022,취미·교양,1546
고등학교 (억원),2022,과목: 취업관련 사교육,736
고등학교 (억원),2022,과목: 진로·진학 학습상담,466
고등학교 (억원),2022,유형: 일반교과 사교육,59141
고등학교 (억원),2022,개인과외,10641
고등학교 (억원),2022,그룹과외,3700
고등학교 (억원),2022,학원수강,42755
고등학교 (억원),2022,방문학습지,66
고등학교 (억원),2022,유료인터넷 및 통신강좌 등,1979
고등학교 (억원),2022,"유형: 예체능, 취미·교양 사교육",9307
고등학교 (억원),2022,개인과외,2470
고등학교 (억원),2022,그룹과외,404
고등학교 (억원),2022,학원수강,6225
고등학교 (억원),2022,방문수업 및 기타,209
일반고 (억원),2013,전체,49045
일반고 (억원),2013,대도시,27102
일반고 (억원),2013,서울,14438
일반고 (억원),2013,광역시,12664
일반고 (억원),2013,대도시 이외,21943
일반고 (억원),2013,중소도시,18866
일반고 (억원),2013,읍면지역,3078
일반고 (억원),2013,과목: 일반교과 사교육,41967
일반고 (억원),2013,국어,4102
일반고 (억원),2013,영어,15165
일반고 (억원),2013,수학,19693
일반고 (억원),2013,"사회, 과학",1278
일반고 (억원),2013,논술,1484
일반고 (억원),2013,"제2외국어, 한문, 컴퓨터 등",246
일반고 (억원),2013,"과목: 예체능, 취미·교양 사교육",6870
일반고 (억원),2013,음악,2426
일반고 (억원),2013,미술,2513
일반고 (억원),2013,체육,852
일반고 (억원),2013,취미·교양,1080
일반고 (억원),2013,과목: 취업관련 사교육,208
일반고 (억원),2013,유형: 일반교과 사교육,41967
일반고 (억원),2013,개인과외,12303
일반고 (억원),2013,그룹과외,4940
일반고 (억원),2013,학원수강,24181
일반고 (억원),2013,방문학습지,83
일반고 (억원),2013,유료인터넷 및 통신강좌 등,461
일반고 (억원),2013,"유형: 예체능, 취미·교양 사교육",6870
일반고 (억원),2013,개인과외,1665
일반고 (억원),2013,그룹과외,200
일반고 (억원),2013,학원수강,4986
일반고 (억원),2013,방문수업 및 기타,20
일반고 (억원),2014,전체,48756
일반고 (억원),2014,대도시,25675
일반고 (억원),2014,서울,13609
일반고 (억원),2014,광역시,12066
일반고 (억원),2014,대도시 이외,23081
일반고 (억원),2014,중소도시,19552
일반고 (억원),2014,읍면지역,3529
일반고 (억원),2014,과목: 일반교과 사교육,41657
일반고 (억원),2014,국어,3897
일반고 (억원),2014,영어,14873
일반고 (억원),2014,수학,20023
일반고 (억원),2014,"사회, 과학",1628
일반고 (억원),2014,논술,1081
일반고 (억원),2014,"제2외국어, 한문, 컴퓨터 등",155
일반고 (억원),2014,"과목: 예체능, 취미·교양 사교육",6820
일반고 (억원),2014,음악,2448
일반고 (억원),2014,미술,2382
일반고 (억원),2014,체육,861
일반고 (억원),2014,취미·교양,1128
일반고 (억원),2014,과목: 취업관련 사교육,279
일반고 (억원),2014,유형: 일반교과 사교육,41657
일반고 (억원),2014,개인과외,11642
일반고 (억원),2014,그룹과외,4726
일반고 (억원),2014,학원수강,24811
일반고 (억원),2014,방문학습지,70
일반고 (억원),2014,유료인터넷 및 통신강좌 등,408
일반고 (억원),2014,"유형: 예체능, 취미·교양 사교육",6820
일반고 (억원),2014,개인과외,1816
일반고 (억원),2014,그룹과외,133
일반고 (억원),2014,학원수강,4855
일반고 (억원),2014,방문수업 및 기타,16
일반고 (억원),2015,전체,48713
일반고 (억원),2015,대도시,25319
일반고 (억원),2015,서울,13488
일반고 (억원),2015,광역시,11831
일반고 (억원),2015,대도시 이외,23394
일반고 (억원),2015,중소도시,19722
일반고 (억원),2015,읍면지역,3672
일반고 (억원),2015,과목: 일반교과 사교육,42267
일반고 (억원),2015,국어,3798
일반고 (억원),2015,영어,15115
일반고 (억원),2015,수학,20305
일반고 (억원),2015,"사회, 과학",1738
일반고 (억원),2015,논술,1101
일반고 (억원),2015,"제2외국어, 한문, 컴퓨터 등",211
일반고 (억원),2015,"과목: 예체능, 취미·교양 사교육",6104
일반고 (억원),2015,음악,1769
일반고 (억원),2015,미술,2394
일반고 (억원),2015,체육,1045
일반고 (억원),2015,취미·교양,896
일반고 (억원),2015,과목: 취업관련 사교육,342
일반고 (억원),2015,유형: 일반교과 사교육,42267
일반고 (억원),2015,개인과외,11256
일반고 (억원),2015,그룹과외,4525
일반고 (억원),2015,학원수강,25932
일반고 (억원),2015,방문학습지,81
일반고 (억원),2015,유료인터넷 및 통신강좌 등,472
일반고 (억원),2015,"유형: 예체능, 취미·교양 사교육",6104
일반고 (억원),2015,개인과외,1578
일반고 (억원),2015,그룹과외,177
일반고 (억원),2015,학원수강,4312
일반고 (억원),2015,방문수업 및 기타,38
일반고 (억원),2016,전체,52632
일반고 (억원),2016,대도시,26571
일반고 (억원),2016,서울,14089
일반고 (억원),2016,광역시,12482
일반고 (억원),2016,대도시 이외,26061
일반고 (억원),2016,중소도시,22560
일반고 (억원),2016,읍면지역,3501
일반고 (억원),2016,과목: 일반교과 사교육,45230
일반고 (억원),2016,국어,4699
일반고 (억원),2016,영어,15627
일반고 (억원),2016,수학,21371
일반고 (억원),2016,"사회, 과학",2252
일반고 (억원),2016,논술,1028
일반고 (억원),2016,"제2외국어, 한문, 컴퓨터 등",252
일반고 (억원),2016,"과목: 예체능, 취미·교양 사교육",6932
일반고 (억원),2016,음악,2255
일반고 (억원),2016,미술,2523
일반고 (억원),2016,체육,1076
일반고 (억원),2016,취미·교양,1078
일반고 (억원),2016,과목: 취업관련 사교육,470
일반고 (억원),2016,유형: 일반교과 사교육,45230
일반고 (억원),2016,개인과외,10651
일반고 (억원),2016,그룹과외,4565
일반고 (억원),2016,학원수강,29290
일반고 (억원),2016,방문학습지,79
일반고 (억원),2016,유료인터넷 및 통신강좌 등,644
일반고 (억원),2016,"유형: 예체능, 취미·교양 사교육",6932
일반고 (억원),2016,개인과외,1995
일반고 (억원),2016,그룹과외,266
일반고 (억원),2016,학원수강,4487
일반고 (억원),2016,방문수업 및 기타,185
일반고 (억원),2017,전체,54810
일반고 (억원),2017,대도시,27806
일반고 (억원),2017,서울,14573
일반고 (억원),2017,광역시,13233
일반고 (억원),2017,대도시 이외,27004
일반고 (억원),2017,중소도시,22204
일반고 (억원),2017,읍면지역,4800
일반고 (억원),2017,과목: 일반교과 사교육,45410
일반고 (억원),2017,국어,5412
일반고 (억원),2017,영어,15100
일반고 (억원),2017,수학,21290
일반고 (억원),2017,"사회, 과학",2362
일반고 (억원),2017,논술,882
일반고 (억원),2017,"제2외국어, 한문, 컴퓨터 등",363
일반고 (억원),2017,"과목: 예체능, 취미·교양 사교육",8450
일반고 (억원),2017,음악,2187
일반고 (억원),2017,미술,2709
일반고 (억원),2017,체육,1917
일반고 (억원),2017,취미·교양,1638
일반고 (억원),2017,과목: 취업관련 사교육,708
일반고 (억원),2017,과목: 진로·진학 학습상담,242
일반고 (억원),2017,유형: 일반교과 사교육,45410
일반고 (억원),2017,개인과외,9416
일반고 (억원),2017,그룹과외,4676
일반고 (억원),2017,학원수강,30570
일반고 (억원),2017,방문학습지,110
일반고 (억원),2017,유료인터넷 및 통신강좌 등,639
일반고 (억원),2017,"유형: 예체능, 취미·교양 사교육",8450
일반고 (억원),2017,개인과외,2443
일반고 (억원),2017,그룹과외,378
일반고 (억원),2017,학원수강,5488
일반고 (억원),2017,방문수업 및 기타,141
일반고 (억원),2018,전체,57181
일반고 (억원),2018,대도시,27495
일반고 (억원),2018,서울,14533
일반고 (억원),2018,광역시,12961
일반고 (억원),2018,대도시 이외,29686
일반고 (억원),2018,중소도시,25281
일반고 (억원),2018,읍면지역,4405
일반고 (억원),2018,과목: 일반교과 사교육,47394
일반고 (억원),2018,국어,6407
일반고 (억원),2018,영어,15596
일반고 (억원),2018,수학,21379
일반고 (억원),2018,"사회, 과학",2800
일반고 (억원),2018,논술,774
일반고 (억원),2018,"제2외국어, 한문, 컴퓨터 등",439
일반고 (억원),2018,"과목: 예체능, 취미·교양 사교육",8841
일반고 (억원),2018,음악,2892
일반고 (억원),2018,미술,3085
일반고 (억원),2018,체육,1502
일반고 (억원),2018,취미·교양,1362
일반고 (억원),2018,과목: 취업관련 사교육,637
일반고 (억원),2018,과목: 진로·진학 학습상담,309
일반고 (억원),2018,유형: 일반교과 사교육,47394
일반고 (억원),2018,개인과외,9340
일반고 (억원),2018,그룹과외,4423
일반고 (억원),2018,학원수강,32788
일반고 (억원),2018,방문학습지,80
일반고 (억원),2018,유료인터넷 및 통신강좌 등,762
일반고 (억원),2018,"유형: 예체능, 취미·교양 사교육",8841
일반고 (억원),2018,개인과외,2573
일반고 (억원),2018,그룹과외,325
일반고 (억원),2018,학원수강,5817
일반고 (억원),2018,방문수업 및 기타,125
일반고 (억원),2019,전체,59384
일반고 (억원),2019,대도시,29059
일반고 (억원),2019,서울,15152
일반고 (억원),2019,광역시,13907
일반고 (억원),2019,대도시 이외,30326
일반고 (억원),2019,중소도시,25407
일반고 (억원),2019,읍면지역,4919
일반고 (억원),2019,과목: 일반교과 사교육,50069
일반고 (억원),2019,국어,7182
일반고 (억원),2019,영어,16239
일반고 (억원),2019,수학,21766
일반고 (억원),2019,"사회, 과학",3348
일반고 (억원),2019,논술,1017
일반고 (억원),2019,"제2외국어, 한문, 컴퓨터 등",519
일반고 (억원),2019,컴퓨터,122
일반고 (억원),2019,"제2외국어, 한문 등",397
일반고 (억원),2019,"과목: 예체능, 취미·교양 사교육",8444
일반고 (억원),2019,음악,2700
일반고 (억원),2019,미술,2844
일반고 (억원),2019,체육,1554
일반고 (억원),2019,취미·교양,1346
일반고 (억원),2019,과목: 취업관련 사교육,549
일반고 (억원),2019,과목: 진로·진학 학습상담,322
일반고 (억원),2019,유형: 일반교과 사교육,50069
일반고 (억원),2019,개인과외,9471
일반고 (억원),2019,그룹과외,4096
일반고 (억원),2019,학원수강,35487
일반고 (억원),2019,방문학습지,55
일반고 (억원),2019,유료인터넷 및 통신강좌 등,960
일반고 (억원),2019,"유형: 예체능, 취미·교양 사교육",8444
일반고 (억원),2019,개인과외,2443
일반고 (억원),2019,그룹과외,395
일반고 (억원),2019,학원수강,5459
일반고 (억원),2019,방문수업 및 기타,147
일반고 (억원),2020,전체,60735
일반고 (억원),2020,대도시,29207
일반고 (억원),2020,서울,15425
일반고 (억원),2020,광역시,13782
일반고 (억원),2020,대도시 이외,31528
일반고 (억원),2020,중소도시,26316
일반고 (억원),2020,읍면지역,5212
일반고 (억원),2020,과목: 일반교과 사교육,52509
일반고 (억원),2020,국어,7631
일반고 (억원),2020,영어,17013
일반고 (억원),2020,수학,22693
일반고 (억원),2020,"사회, 과학",3971
일반고 (억원),2020,논술,690
일반고 (억원),2020,"제2외국어, 한문, 컴퓨터 등",511
일반고 (억원),2020,컴퓨터,130
일반고 (억원),2020,"제2외국어, 한문 등",380
일반고 (억원),2020,"과목: 예체능, 취미·교양 사교육",7331
일반고 (억원),2020,음악,2144
일반고 (억원),2020,미술,2553
일반고 (억원),2020,체육,1558
일반고 (억원),2020,취미·교양,1075
일반고 (억원),2020,과목: 취업관련 사교육,539
일반고 (억원),2020,과목: 진로·진학 학습상담,356
일반고 (억원),2020,유형: 일반교과 사교육,52509
일반고 (억원),2020,개인과외,9423
일반고 (억원),2020,그룹과외,4193
일반고 (억원),2020,학원수강,37832
일반고 (억원),2020,방문학습지,53
일반고 (억원),2020,유료인터넷 및 통신강좌 등,1007
일반고 (억원),2020,"유형: 예체능, 취미·교양 사교육",7331
일반고 (억원),2020,개인과외,1964
일반고 (억원),2020,그룹과외,402
일반고 (억원),2020,학원수강,4849
일반고 (억원),2020,방문수업 및 기타,115
일반고 (억원),2021,전체,62637
일반고 (억원),2021,대도시,29796
일반고 (억원),2021,서울,15797
일반고 (억원),2021,광역시,13999
일반고 (억원),2021,대도시 이외,32842
일반고 (억원),2021,중소도시,27206
일반고 (억원),2021,읍면지역,5636
일반고 (억원),2021,과목: 일반교과 사교육,54156
일반고 (억원),2021,국어,8677
일반고 (억원),2021,영어,17431
일반고 (억원),2021,수학,22724
일반고 (억원),2021,"사회, 과학",4151
일반고 (억원),2021,논술,705
일반고 (억원),2021,"제2외국어, 한문, 컴퓨터 등",467
일반고 (억원),2021,컴퓨터,148
일반고 (억원),2021,"제2외국어, 한문 등",319
일반고 (억원),2021,"과목: 예체능, 취미·교양 사교육",7601
일반고 (억원),2021,음악,2056
일반고 (억원),2021,미술,3026
일반고 (억원),2021,체육,1434
일반고 (억원),2021,취미·교양,1085
일반고 (억원),2021,과목: 취업관련 사교육,513
일반고 (억원),2021,과목: 진로·진학 학습상담,368
일반고 (억원),2021,유형: 일반교과 사교육,54156
일반고 (억원),2021,개인과외,10142
일반고 (억원),2021,그룹과외,3719
일반고 (억원),2021,학원수강,38567
일반고 (억원),2021,방문학습지,55
일반고 (억원),2021,유료인터넷 및 통신강좌 등,1673
일반고 (억원),2021,"유형: 예체능, 취미·교양 사교육",7601
일반고 (억원),2021,개인과외,1892
일반고 (억원),2021,그룹과외,286
일반고 (억원),2021,학원수강,5285
일반고 (억원),2021,방문수업 및 기타,138
일반고 (억원),2022,전체,66886
일반고 (억원),2022,대도시,31218
일반고 (억원),2022,서울,16657
일반고 (억원),2022,광역시,14561
일반고 (억원),2022,대도시 이외,35668
일반고 (억원),2022,중소도시,29311
일반고 (억원),2022,읍면지역,6357
일반고 (억원),2022,과목: 일반교과 사교육,57629
일반고 (억원),2022,국어,9636
일반고 (억원),2022,영어,18184
일반고 (억원),2022,수학,23750
일반고 (억원),2022,"사회, 과학",4811
일반고 (억원),2022,논술,782
일반고 (억원),2022,"제2외국어, 한문, 컴퓨터 등",465
일반고 (억원),2022,컴퓨터,197
일반고 (억원),2022,"제2외국어, 한문 등",268
일반고 (억원),2022,"과목: 예체능, 취미·교양 사교육",8376
일반고 (억원),2022,음악,2577
일반고 (억원),2022,미술,2922
일반고 (억원),2022,체육,1619
일반고 (억원),2022,취미·교양,1257
일반고 (억원),2022,과목: 취업관련 사교육,431
일반고 (억원),2022,과목: 진로·진학 학습상담,450
일반고 (억원),2022,유형: 일반교과 사교육,57629
일반고 (억원),2022,개인과외,10198
일반고 (억원),2022,그룹과외,3626
일반고 (억원),2022,학원수강,41851
일반고 (억원),2022,방문학습지,53
일반고 (억원),2022,유료인터넷 및 통신강좌 등,1901
일반고 (억원),2022,"유형: 예체능, 취미·교양 사교육",8376
일반고 (억원),2022,개인과외,2317
일반고 (억원),2022,그룹과외,342
일반고 (억원),2022,학원수강,5554
일반고 (억원),2022,방문수업 및 기타,162
